"","asin","product_name","sku","price_cleaning","native_price","discount_percentage","date","X..i.."
"1","B006JYFNUI","Imetec Acqua Bottiglia di Ricambio per Imetec Acqua Bubbles BLS 100 - BLS 110","0","18.44","0","0","1665649069.491",NA
"2","B00TDNGW3Y","Imetec Acqua The Bottle BT 300 Bottiglia di Ricambio per Imetec Acqua The Bottle FB 110 e FB 100","0","15","0","0","1665649091.69466",NA
"3","B008DREKCQ","Imetec H2O Flux Technology, 3 Cartucce Filtranti per Prodotti Acqua, Ricambi Originali","0","20.1","0","0","1665649113.8929",NA
"4","B008DREU30","Imetec Acqua WP120 Caraffa Filtrante con 3 Filtri FC100 Inclusi","0","20.1","0","0","1665649136.01551",NA
"5","B00GAY1TYG","Imetec Acqua The Bottle FB 100 Bottiglia Filtrante","0","36.9","0","0","1665649157.84713",NA
"6","B00GM9FVRU","Imetec Acqua The Bottle FB 120 Bottiglia Filtrante, Family Pack","0","15","0","0","1665649180.24213",NA
"7","B006JNA2OG","Imetec BLS100 Gasatore d'Acqua con 3 Livelli di Gasatura, Bottiglia con Tappo di Chiusura da 1 Litro, Cilindro per Gasare Fino a 80 Litri Incluso, Nero, Ceramica, 0","0",NA,"0","0","1665649201.63909",NA
"8","B0069ORHTS","Imetec 7744J BLS110 Gasatore d'Acqua con 3 Livelli di Gasatura, Bottiglia con Tappo di Chiusura da 1 Litro, Cilindro per Gasare Fino a 80 Litri Incluso, Nero, Arancione","0",NA,"0","0","1665649223.21317",NA
"9","B006JN451C","Imetec 7730 Cilindro Universale per Gasatori Domestici, Co2 Proveniente da Fonti Naturali, Gasa Fino a 80 Litri di Acqua, Blue","0","36.87","0","0","1665649245.34441",NA
"10","B00XMY1XVQ","IMETEC The Drinking Station WS100 Apparecchio per la Depurazione e la Gasatura Rubinetto, 120 l Depurata e Fino a 80 l di Acqua Gasata, Plastic","0","20.1","0","0","1665649266.98784",NA
"11","B00MHUG8LG","Imetec Acqua The Bottle FB 100 Bottiglia Filtrante","0","36.9","0","0","1665649289.29754",NA
"12","B007X31N7Q","Imetec Bellissima Magic Style PB1 45 Spazzola Professionale Riscaldata","0","49.85","0","0","1665649310.96637",NA
"13","B007YH05SO","Imetec Bellissima Magic Style PB1 30 Spazzola Professionale Riscaldata","0","49.85","0","0","1665649333.3679",NA
"14","B00G3NJTWS","Imetec Bellissima Magic Style PB4 30 Spazzola Professionale Riscaldata, Diametro 30 mm, Rivestimento in Ceramica, Regolazione della Temperatura, Sistema Anti Efetto Crespo, Guida Styling Inclusa","0",NA,"0","0","1665649355.4495",NA
"15","B00G3NJSC4","Imetec Bellissima Magic Style PB4 38 Spazzola Professionale Riscaldata, Diametro 38 mm, Rivestimento in Ceramica, Regolazione della Temperatura, Sistema Anti Efetto Crespo, Guida Styling Inclusa","0","29.9","0","0","1665649377.70013",NA
"16","B00EFP7L3K","Imetec Bellissima Magic Style PB1 25 Spazzola Professionale Riscaldata, Diametro 25 mm, Rivestimento in Ceramica, Sistema Anti Efetto Crespo, Guida Styling Inclusa","0","49.85","0","0","1665649399.217",NA
"17","B00FGRYLHA","Imetec Bellissima Magic Style PB1 30 Spazzola Professionale Riscaldata, Diametro 30 mm, Rivestimento in Ceramica, Regolazione della Temperatura, Sistema Anti Efetto Crespo, Guida Styling Inclusa","0","45.2","0","0","1665649421.41275",NA
"18","B00M0K1VYM","Imetec Bellissima Magic Style PB1 38 Spazzola Professionale Riscaldata, Diametro 38 mm, Rivestimento in Ceramica, Sistema Anti Efetto Crespo, Guida Styling Inclusa","0","23.18","0","0","1665649442.89706",NA
"19","B00FXBCNP6","Imetec Bellissima Magic Style PB1 45 Spazzola Professionale Riscaldata, Diametro 45 mm, Rivestimento in Ceramica, Sistema Anti Efetto Crespo, Guida Styling Inclusa","0","45.2","0","0","1665649464.23332",NA
"20","B00DZK6CJK","Imetec Bellissima Magic Style PB2 25 Spazzola Professionale Riscaldata, Diametro 25 mm, Rivestimento in Gloss Titanium Ceramic, Sistema Anti Efetto Crespo, Guida Styling Inclusa","0","49.85","0","0","1665649485.8556",NA
"21","B00FHQJ44U","Imetec Bellissima Magic Style PB2 30 Spazzola Professionale Riscaldata, Diametro 30 mm, Rivestimento in Ceramica, Sistema Anti Efetto Crespo, Guida Styling Inclusa","0",NA,"0","0","1665649507.84212",NA
"22","B00FHQJ0TE","Imetec Bellissima Magic Style PB2 38 Spazzola Professionale Riscaldata, Diametro 38 mm, Rivestimento in Gloss Titanium Ceramic, Tecnologia a Ioni, Sistema Anti Efetto Crespo, Guida Styling Inclusa","0","29.12","0","0","1665649529.88111",NA
"23","B00FR5XS8Y","Imetec Bellissima Magic Style PB2 45 Spazzola Professionale Riscaldata, Diametro 45 mm, Rivestimento in Gloss Titanium Ceramic, Tecnologia a Ioni, Sistema Anti Efetto Crespo, Guida Styling Inclusa","0","33.99","0","0","1665649551.49775",NA
"24","B002YY6M0C","Imetec Bellissima Mini MC210 Piastra per Capelli","0","26.39","0","0","1665649574.19986",NA
"25","B013GDSCRK","Bellissima Imetec BHS3 100 Revolution, Arricciacapelli Automatico, Rivestimento in Ceramica, Viola Nero","0","54.13","0","0","1665649596.85789",NA
"26","B00NTYWDNQ","Bellissima Imetec Revolution BHD1 1000 Asciugacapelli Professionale, 1400 W, con Prestazioni da 2000 W, Tecnologia a Ioni, Sistema Eco Efficiency, 8 Combinazioni Aria/Temperatura","0","35.98","0","0","1665649619.0701",NA
"27","B0089LSRZW","Imetec Bellissima Magic Style PB2 30, Spazzola Professionale Riscaldata, Rivestimento in Gloss Titanium Ceramic, Tecnologia agli Ioni, Diametro 30 mm","0","27.5","0","0","1665649640.91182",NA
"28","B004ASNGKE","Imetec Bellissima Absolute BA 230 Piastra per Capelli con Ttecnologia a Infrarossi, Capelli Liscio Duraturo, Thermo Control, Display LCD, Custodia Termoprotettiva Inclusa","0","62.99","0","0","1665649662.43525",NA
"29","B00CEH0LTW","Imetec Travel Ct1 2000 Asciugacapelli Da Viaggio, 1400 W, Doppio Voltaggio, Nero Grigio","0","18.99","0","0","1665649684.91364",NA
"30","B009E7CGTI","Bellissima Imetec B 100 Piastra per Capelli, Effetto Liscio, Rivestimento in Ceramica, Regolazione della Temperatura da 150°C a 230°C, Sistema di Riscaldamento Rapido, Pronto all'Uso","0","32.99","0","0","1665649707.11855",NA
"31","B006UFWP3E","Bellissima Imetec Diffon DF1 1000 Diffusore ad Aria Calda per Capelli Ricci, 700 W, 2 Combinazioni Aria/Temperatura, Asciugatura Delicata, Ricci Composti Senza Effetto Crespo","0","44","0","0","1665649729.77677",NA
"32","B00VRGPXF8","Bellissima Imetec GT15 100 Arricciacapelli, Ricci Brillanti e Definiti, Diametro 19 mm, Rivestimento in Ceramica, Riscaldamento Rapido, Pronto all'Uso","0","25.99","0","0","1665649752.27838",NA
"33","B015O6A6GC","Imetec Bellissima GT15 300 Ferro Arricciacapelli con Rivestimento in Ceramica, Sistema di riscaldamento rapido, Controllo della Temperatura","0","20.4","0","0","1665649773.95531",NA
"34","B00IZXY762","Imetec Bellissima Style Creator B6 200 Piastra per Capelli, 4 Cover per 4 Styling Diversi, Piastre Esterne Riscaldate per uno Risultato Definito e Duraturo, Rivestimento in Nano-ceramica e Tormalina","0","47.23","0","0","1665649796.35515",NA
"35","B015O6AB4E","Imetec Salon Expert P1 2300 Asciugacapelli Professionale, 2300 W, Tecnologia a Ioni, Rivestimento Griglia in Ceramica e Tormalina, 8 Combinazioni Aria/Temperatura, Diffusore Professionale","0","49.53","0","0","1665649817.95891",NA
"36","B009KM58JC","Imetec Salon Expert P1 2000 Asciugacapelli Professionale","0","30.99","0","0","1665649840.16062",NA
"37","B0063RMBL0","Imetec Salon Expert P8 2000 Asciugacapelli Professionale, 2000 W, 8 Combinazioni Aria/Temperatura, Beccuccio Stretto","0","35.99","0","0","1665649862.24063",NA
"38","B00AE6HEK4","Imetec Bellissima Creativity B1 700 Piastra per Capelli, Thermo Control 150° - 230°, Piastre Arrotondate per uno Styling Liscio o Mosso","0","32.99","0","0","1665649884.71687",NA
"39","B015O6AFUO","Imetec Power To Style C19 2000 Asciugacapelli, 2000 W, Beccuccio Direzionabile, Design Compatto, Asciugatura Rapida, 2 Combinazioni Aria/Temperatura","0","35.99","0","0","1665649906.8932",NA
"40","B00SKVYAVG","Imetec Salon Expert GT16 100 Arricciacapelli","0","19.9","0","0","1665649929.228",NA
"41","B015O6AFPE","Imetec C20 2100 Asciugacapelli, 2100 W, Beccuccio Orientabile, Diffusore Professionale, Funzione Fast Drying per un'Asciugatura Rapida, 4 Combinazioni Aria/Temperatura, Colpo Aria Fredda, Cavo 1.8 m","0","21.75","0","0","1665649951.51862",NA
"42","B015O6A6IA","Imetec Bellissima GH18 800 Spazzola ad Aria Modellante per capelli con 3 Accessori di Styling, Potenza 800 W, 2 Combinazioni Flussi d'Aria/Temperatura, Colpo d'Aria Fredda, Puntale Antiscottatura","0","54.4","0","0","1665649973.68103",NA
"43","B00SKVYB6K","Bellissima Imetec GT13 50 Arricciacapelli, Rivestimento in Ceramica, 7 Diversi Livelli di Temperatura da 150°C a 210°C, Diametro di 25 mm, Riscaldamento Rapido, Pronto all'Uso","0","25.99","0","0","1665649996.12324",NA
"44","B0158FP4I4","Bellissima Imetec Revolution BHD2 2000 Asciugacapelli Professionale con Rotazione Automatica, 2000 W, 8 Combinazioni Aria/Temperatura, Tecnologia a Ioni, Diffusore capelli ricci","0","49.53","0","0","1665650018.40173",NA
"45","B01411FWBK","Imetec Travel Ct1 2000 Asciugacapelli Da Viaggio, 1400 W, Doppio Voltaggio, Nero Grigio","0","18.99","0","0","1665650041.04369",NA
"46","B015O6AAVI","Imetec Bellissima Anniversary BA1 100 Piastra per Capelli Lisci in una Sola Passata, Regolazione della Temperatura da 160°C a 230°C, Rivestimento in Ceramica, Sistema di Riscaldamento Rapido","0",NA,"0","0","1665650062.57769",NA
"47","B015O6ABLW","Imetec Salon Expert P2 2200 Asciugacapelli Professionale, Motore AC 2200 W, Tecnologia a Ioni, Rivestimento in Ceramica e Tormalina, Diffusore Professionale a Dita, Convogliatore Stretto, Nero","0","57.49","0","0","1665650085.06404",NA
"48","B015O6A68K","Bellissima Imetec Creativity B9 400 Piastra per Capelli, Styling Liscio o Mosso, Rivestimento in Ceramica e Cheratina, Piastre Arrotondate","0","36","0","0","1665650107.4347",NA
"49","B015O6ABKS","Imetec Ultra PC6 2000 Asciugacapelli Professionale con Tecnologia Doppia Turbina, 3 Beccucci, Diffusore Professionale a Dita, Rivestimento Griglia In Ceramica e Tormalina","0","49.53","0","0","1665650129.43414",NA
"50","B015O6AFUE","Imetec Bellissima Anniversary Intellisense BA20 100 Piastra per Capelli","0","85.6","0","0","1665650151.44448",NA
"51","B015O6AB3U","Imetec Bellissima Anniversary BA3 700 Piastra per Capelli, Piastre Arrotondate Riscaldate per un Effetto Liscio Totale, Ricci Definiti o Onde Morbide, Rivestimento in Ceramica per Capelli Protetti","0","32.99","0","0","1665650173.54091",NA
"52","B015O6A6GM","Bellissima Imetec P11 2300 Asciugacapelli Professionale, 2300 W, Rivestimento in Ceramica e Tormalina, 8 Combinazioni Aria/Temperatura, Beccuccio Stretto, Diffusore capelli ricci","0","39.75","0","0","1665650195.8324",NA
"53","B015O6A6MG","Imetec Bellissima GH18 1000 Spazzola ad Aria Modellante con 5 Accessori di Styling, Potenza 1000 W, 2 Combinazioni Flusso d'Aria/Temperatura, Puntale Antiscottatura","0","33.99","0","0","1665650217.95741",NA
"54","B0162IJ6NU","Bellissima Imetec GT15 400 Arricciacapelli, Rivestimento in Ceramica e Keratina, 7 Diversi Livelli di Temperatura da 150°C a 210°C, Diametro 32 mm, Sistema di Riscaldamento Rapido Pronto all'Uso","0","25.99","0","0","1665650240.61909",NA
"55","B005FBTG18","Imetec Bellissima Multicurl S1 700 Arricciacapelli, Ricci Definiti a Lunga Durata, Sistema Easy Curl per Creare Ricci Subito, Rivestimento in Ceramica, 3 Livelli di Temperatura da 170°C a 210°C","0","54.13","0","0","1665650262.38617",NA
"56","B004ASNGLI","Imetec Salon Expert P4 2500 ION Asciugacapelli Professionale, Potenza 2000 W, Tecnologia a Ioni, Rivestimento in Ceramica e Tormalina, 8 Combinazioni Aria/Temperatura, Beccuccio Stretto","0","49.53","0","0","1665650285.10463",NA
"57","B00VYLJ4H4","Bellissima Imetec Creativity B9 300 Piastra per Capelli, Styling Liscio o Mosso, Rivestimento in Ceramica, Regolazione Temperatura da 150°C a 230°C, Sistema Riscaldamento Rapido","0","32.99","0","0","1665650307.51807",NA
"58","B00KJ2GWY2","Imetec Power to Style C16 2000 Asciugacapelli da Viaggio, 2000 W, in Dimensioni Ridotte, Manico Pieghevole, Asciugatura Rapida, 3 Combinazioni Aria/Temperatura, Comodo da Portare in Viaggio","0","27.41","0","0","1665650329.95541",NA
"59","B00G3NJRWK","Imetec Bellissima Creativity B8 100 Piastra per Capelli con Tecnologia a Infrarossi , Capelli Liscio Assoluto o Mosso Definito, Rivestimento in Ceramica e Keratina, Display LCD","0","62.99","0","0","1665650351.97298",NA
"60","B00RP0J7AW","Bellissima Imetec B9 100 Piastra per Capelli, Piastra extralunghe, Riscaldamento Rapido, Multivoltaggio Automatico, Temperatura 210°, cavo giravole","0","32.9","0","0","1665650374.09069",NA
"61","B00NAVVTOW","Bellissima Imetec Revolution BHS2 100 Spazzola Rotante Modellante, Rotazione della Spazzola Regolabile, Setole in Silicone, Rivestimento in Ceramica e Keratina, 200°C, Diametro 32 mm","0","54.9","0","0","1665650396.25253",NA
"62","B0050IIALS","Imetec Salon Expert EC9 100 Piastra Professionale per Capelli, Styling Liscio o Mosso, Rivestimento in Ceramica, Piastre Arrotondate, Display LCD, Regolazione della Temperatura da 130°C a 230°C","0","48.62","0","0","1665650418.64405",NA
"63","B00SKVYB38","Imetec Bellissima GM9 90 Multistyler 9 in 1","0","49.89","0","0","1665650440.51018",NA
"64","B0067HDPO8","Imetec ECO KE1 1000 Asciugacapelli, 1400 W con Prestazioni da 2000 W, Tecnologia a Ioni, Diffusore Incluso, 8 Combinazioni Aria/Temperatura, Beccuccio Stretto","0",NA,"0","0","1665650463.05705",NA
"65","B00DP3SM4K","Imetec ECO CE1 1000 Asciugacapelli, 1400 W con Prestazione da 2000 W, Diffusore Incluso, 3 Combinazioni Aria/Temperatura","0","35.98","0","0","1665650485.29893",NA
"66","B015O6ABIA","Imetec Bellissima Anniversary BA2 200 Piastra per Capelli, Liscio dalla Radice alle Punte, Piastre Larghe, Rivestimento in Ceramica, Regolazione della Temperatura da 160°C a 230°C","0",NA,"0","0","1665650507.48119",NA
"67","B00O4QVS66","Imetec Bellissima P2 2200 Asciugacapelli Professionale, Potenza 2200 W, Tecnologia a Ioni per Idratare i Capelli e Ridurre l'Effetto Crespo, 8 Combinazioni Aria/Temperatura, Beccuccio Stretto","0","39.99","0","0","1665650529.48893",NA
"68","B01HU6D86O","Bellissima Imetec CT1 2000 Asciugacapelli da Viaggio, 1400 W, Doppio Voltaggio, Manico Pieghevole, Tasto Regolazione Aria e Temperatura, Custodia da Viaggio Inclusa","0","18.88","0","0","1665650551.6732",NA
"69","B005FBTFU0","Imetec Power To Style C12 2000 Asciugacapelli, 2000 W, Design Compatto, Elevata Praticità d'Uso, Asciugatura Rapida, 2 Combinazioni Aria/Temperatura","0",NA,"0","0","1665650573.7243",NA
"70","B0063RMB1K","Imetec ECO SE1 800 Asciugacapelli, 1400 W con Prestazioni da 2000 W, Beccuccio Stretto, 8 Combinazioni Aria/Temperatura","0","36.9","0","0","1665650595.84911",NA
"71","B00KJ2GXIC","Imetec K5 Power To Style Asciugacapelli 2200 W, Asciugatura Veloce e Delicata, Tecnologia a Ioni per Idratare e Ridurre l'Effetto Crespo, 8 Combinazioni Aria/Temperatura, Colpo d'aria fredda","0","35.99","0","0","1665650618.46729",NA
"72","B009E7CGDO","Imetec Salon Expert E15 50 Piastra per Capelli, Styling Liscio o Mosso, Regolazione Elettronica della Temperatura da 140°C a 230°C, Rivestimento in Nanoceramica per la Protezione Ottimale del Capello","0","54.9","0","0","1665650640.47742",NA
"73","B00B2K8LH6","Bellissima Imetec Revolution BHS1 100 Piastra per Capelli Automatica, Sistema di Rotazione che Modella Ottimamente la Ciocca, Rivestimento in Ceramica, Regolazione della Temperatura da 120°C a 210°C","0","68.92","0","0","1665650662.85445",NA
"74","B015O6AFMM","Imetec Bellissima Anniversary Mini BMA1 100 Piastra per Capelli, Rivestimento in Ceramica, Design Compatto, Sistema di Riscaldamento Rapido Pronto all'Uso","0","24.3","0","0","1665650684.63131",NA
"75","B002YY6LZS","Imetec Bellissima Mini M 200 Piastra per Capelli Lisci, Design Slim, Rivestimento in Ceramica, Custodia Protettiva. Argento","0","25.04","0","0","1665650707.09368",NA
"76","B00N4K5PDK","Bellissima Imetec GH16 400 Spazzola ad Aria Modellante con 2 Accessori di Styling, Diametro 25 mm, Potenza 400 W, 2 Combinazioni Flusso d'Aria/Temperatura, Puntale Antiscottatura","0","24.99","0","0","1665650729.16922",NA
"77","B002YY6LXA","Bellissima Imetec B20 50 Piastra per Capelli, Liscio Impeccabile, Design Slim, Piastre Lunghe, Rivestimento in Nanoceramica e Cristalli di Giada, Regolazione della Temperatura fino a 200°C","0","32.99","0","0","1665650751.31113",NA
"78","B00765DSJM","Imetec Bellissima Magic Texture B12 100","0","42.16","0","0","1665650773.3717",NA
"79","B01JOLV9F0","Bellissima Imetec Revolution BHS4 100 Spazzola ad Aria Modellante, 2 Spazzole da 40 e 50 mm, Doppio Verso di Rotazione, Tecnologia a Ioni, Potenza 1000 W, Rivestimento in Ceramica","0","45.2","0","0","1665650795.18318",NA
"80","B01LZMBQRG","Imetec Salon Expert P11 2100 Asciugacapelli Professionale, 2100 W, Velocità Flusso d'Aria in Uscita a 142 km/h, Rivestimento in Ceramica e Tormalina, 8 Combinazioni Aria/Temperatura","0","27.99","0","0","1665650817.46174",NA
"81","B01M0Z17OK","Imetec Salon Expert GT18 100 Arricciacapelli, Diametro Ferro 19 mm, Temperatura fino a 200°C","0","18.99","0","0","1665650839.67702",NA
"82","B01N75NYSJ","Imetec Bellissima Revolution BHS6 100 Piastra per Capelli Frisè, Sistema Riscaldato a Tecnologia Rotante, Effetto Frisè Impeccabile e Duraturo, Rivestimento in Ceramica per Capelli Protetti","0","42.16","0","0","1665650861.48911",NA
"83","B00GAP6M1K","Imetec Salon Expert P11 2100 Asciugacapelli Professionale, 2100 W, Velocità Flusso d'Aria in Uscita a 142 km/h, Rivestimento in Ceramica e Tormalina, 8 Combinazioni Aria/Temperatura","0","27.99","0","0","1665650883.35344",NA
"84","B00CTLDY4W","Bellissima Imetec PC5 2500 Asciugacapelli Professionale, 2000 W, Rivestimento in Ceramica e Tormalina, Tecnologia a Ioni , 8 Combinazioni Aria/Temperatura, Beccuccio Stretto, Diffusore capelli ricci","0","35.35","0","0","1665650906.15699",NA
"85","B01N55NF5G","Bellissima Imetec Creativity Color Shine B22 100 Piastra per Capelli Colorati, Rivestimento in Tessuto per la Protezione dei Capelli, temperatura regolabile da 150°C a 230°C","0","43.99","0","0","1665650928.77358",NA
"86","B06WGV3DBP","Bellissima Imetec Beach Waves Gt20 100 Piastra Per Capelli A Onde Larghe E Strette, Rivestimento in ceramica, temperatura regolabile","0","45.99","0","0","1665650951.65969",NA
"87","B06WP9PPT6","Bellissima Imetec Intellisense B24 100 Piastra per Capelli Lisci e Mossi a 60° C in Meno con Tecnologia Intellistyle, Rivestimento in Ceramica, 5 Livelli di Temperatura","0","64.99","0","0","1665650973.85513",NA
"88","B06XWKNJQJ","Bellissima Imetec Magic Straight Brush PB5 100 Spazzola Elettrica Lisciante per Capelli, Effetto Liscio Naturale, Setole Rivestite in Ceramica, Fino a 200° C, Tecnologia Ioni","0","30.99","0","0","1665650996.41329",NA
"89","B072MSQDQG","Bellissima Imetec B26 100 Piastra per Capelli Lunghi o Difficili da Disciplinare, Formato Extra Large, Rivestimento in Ceramica, 160° C - 230° C","0","35.99","0","0","1665651019.77828",NA
"90","B071JZG665","Imetec Power To Style S8 2100 Asciugacapelli, 2100 W, Extra Performance, con Beccuccio Direzionabile, Funzione Fast Drying per un'Asciugatura Rapida, 3 Combinazioni Aria/Temperatura","0","19.99","0","0","1665651041.59017",NA
"91","B071WXJWH8","Bellissima Imetec PB9 1200 Magic Brush Zero Tangles Spazzola Lisciante Districante ad Aria, Districa e Asciuga, Incluse 2 Spazzole per Sciogliere Nodi e Lucidare i Capelli","0","29.99","0","0","1665651063.96639",NA
"92","B009E7CN6O","Imetec Bellissima Magic Style PB3 38 Spazzola Professionale Riscaldata, Diametro 38 mm, Rivestimento in Ceramica e Cristalli di Giada, Sistema Anti Efetto Crespo, Guida Styling Inclusa","0","10.9","0","0","1665651085.77854",NA
"93","B00G3DNXIE","Bellissima Imetec S5 2200 Asciugacapelli, 2200 W, Asciugatura Rapida e Styling a Lunga Durata, 8 Combinazioni Aria/Temperatura, Colpo d'Aria Fredda","0","23.9","0","0","1665651108.59009",NA
"94","B00E3QGPQK","Bellissima Imetec K5 2200 Asciugacapelli 2200 W, Asciugatura Veloce e Delicata, Tecnologia a Ioni per Idratare e Ridurre l'Effetto Crespo, 8 Combinazioni Aria/Temperatura, Diffusore capelli ricci","0","49.53","0","0","1665651130.76637",NA
"95","B007YH05O8","Imetec Bellissima Magic Style PB1 38 Spazzola Professionale Riscaldata","0","59.99","0","0","1665651152.56589",NA
"96","B0089LSRHK","Imetec Bellissima Magic Style PB2 30, Spazzola Professionale Riscaldata, Rivestimento in Gloss Titanium Ceramic, Tecnologia agli Ioni, Diametro 30 mm","0","27.5","0","0","1665651174.74838",NA
"97","B0089LSRL6","Imetec Bellissima Magic Style PB2 30, Spazzola Professionale Riscaldata, Rivestimento in Gloss Titanium Ceramic, Tecnologia agli Ioni, Diametro 30 mm","0","27.5","0","0","1665651197.20274",NA
"98","B06XPBXNCX","Imetec Bellissima Mini HS 500 Piastra per Capelli Mini, Design Compatto Ideale, Rivestimento in Ceramica, Bianca","0","16.9","0","0","1665651219.37111",NA
"99","B075RGG4Y5","Bellissima Imetec Creativity B27 100 Piastra Per Capelli Con Rivestimento In Ceramica E Controllo Della Temperatura, Temperatura Egolabile 150°C / 230°C, Multicolore","0","43.99","0","0","1665651242.22446",NA
"100","B075RFR2CV","Bellissima Imetec GT15 200 Ferro Arricciacapelli con Rivestimento in Ceramica, Forma Conica, Controllo della Temperatura","0","24.99","0","0","1665651264.96639",NA
"101","B075RFNP23","Imetec Eco SE1 1000 Asciugacapelli con Tecnologia Eco Efficiency, 1400 W, 8 Combinazioni Aria/Temperatura, Diffusore per Capelli Ricci, Nero/Verde","0","35.98","0","0","1665651287.16678",NA
"102","B075RFR89L","Imetec Bellissima Magic Straight Wet&Dry Brush Spazzola Elettrica Lisciante con Soffio d'Aria e Setole Riscaldate, Rivestimento in Ceramica e Tormalina, 3 Impostazioni d'Uso","0","30.99","0","0","1665651309.27217",NA
"103","B076FWLL9C","Imetec Bellissima Beach Waves Multi Star Edition GT 20 200 Piastra per Capelli con Rivestimento in Ceramica e Tormalina per fare Onde Larghe e Strette, Effetto Naturale, Beauty Bag Termica Inclusa","0","40.99","0","0","1665651331.4514",NA
"104","B00U7FFR0G","Imetec Bellissima B11 50 Piastra per Capelli Lisci e Morbidi con Rivestimento in Ceramica con Cristalli di Giada, Regolazione Elettronica della Temperatura da 120°C a 200°C","0","32.99","0","0","1665651353.40416",NA
"105","B079FN8N4T","Bellissima Imetec BM 200 Piastra Mini per Capelli Lisci e Luminosi, Temperatura 200°, Multivoltaggio Automatico, Dimensioni Compatte da Viaggio","0","16.9","0","0","1665651376.51777",NA
"106","B0154Z2W06","Bellissima Imetec B21 100 Piastra per Capelli Lisci e Luminosi con Rivestimento in Ceramica, Temperatura 210°C, Piastre Riscaldate Oscillanti per Elevata Efficacia di Stiratura","0","22.54","0","0","1665651399.07005",NA
"107","B01BNTLKU0","Imetec Bellissima Ultra PC6 2000 Asciugacapelli Professionale con Tecnologia Doppia Turbina Brevettata, 2000 W, 2 Beccucci e Diffusore, Rivestimento Griglia in Ceramica e Tormalina, Nero/Rosa","0","61.2","0","0","1665651421.09279",NA
"108","B079ZLWJNJ","Imetec Salon Expert P3 3200 Asciugacapelli Professionale, 2200 W, Griglia con Rivestimento in Ceramica, Tecnologia a Ioni, 8 Combinazioni Aria/Temperatura","0","57.49","0","0","1665651443.35255",NA
"109","B079Z9GXQS","Imetec Salon Expert P5 3600 Asciugacapelli Professionale, 2300 W, Griglia con Rivestimento in Ceramica e Cheratina, Tecnologia a Ioni, 8 Combinazioni Aria/Temperatura, 2 Beccucci","0","45.9","0","0","1665651465.96542",NA
"110","B07FZ4PVRP","Bellissima Imetec Steam B28 100 Piastra per Capelli Professionale a Vapore, Effetto Liscio a Lungo, Ceramica, Temperatura Regolabile 170°C - 200°C - 230°C, Riscaldamento Rapido","0","59.9","0","0","1665651488.63429",NA
"111","B07JVLQ38M","Imetec Bellissima My Pro Ceramic P5 3800 Asciugacapelli Professionale Per Capelli Morbidi E Luminosi, Tecnologia Ceramica, 2300 W, Nero Oro","0","61.2","0","0","1665651511.71133",NA
"112","B07FYHM3QY","Bellissima Imetec Magic Straight Brush PB11 100 Spazzola Elettrica Lisciante, 3 Lati Esterni Riscaldati, Spegnimento automatico, Tecnologia a Ioni, Ceramica, 160 C°- 210°C, Nero/Oro rosa","0","80.9","0","0","1665651533.75803",NA
"113","B0158FIIGE","Imetec Bellissima SD5 2000 Asciugacapelli, 2200 W, 8 Combinazioni Aria/Temperatura, Diffusore per Ricci, Anello di Aggancio.","0","23.9","0","0","1665651555.28988",NA
"114","B07P35CW1X","Bellissima Imetec Beach Waves GT20 300 Piastra per Capelli, Rivestimento in Ceramica, Onde Larghe e Strette, Effetto Naturale, 3 Livelli Temperatura 160 C°- 200°C, Borsa termica inclusa","0","40.99","0","0","1665651577.71408",NA
"115","B07S5L8VYG","Bellissima Imetec Magic Style Brush P2 30 Spazzola Riscaldata, Capelli Liscio Effetto Naturale/Mosso Sostenuto, Diametro 30 mm, Tecnologia a Ioni, Rivestimento Ceramica, Nero/Oro rosa","0","49.85","0","0","1665651600.49086",NA
"116","B07S73QCFC","Bellissima Imetec 2 In 1 Straight&Waves Piastra Capelli, Capelli Effetto Liscio o onde Beach Waves, Rivestimento in Ceramica, 4 Livelli di Temperatura da 150°C a 210°C, Piastre XL 5 x 9,5 cm","0","35.99","0","0","1665651622.08786",NA
"117","B07S5L9937","Bellissima Imetec My Pro Creativity Infrared B8 200, piastra lisciante, tecnologia raggi infrarossi, rivestimento in ceramica e cheratina, 11 livelli di temperatura da 130 °C a 230 °C, cavo 1,8 m","0","62.99","0","0","1665651644.03526",NA
"118","B07V9GN42Q","Bellissima Imetec 2 In 1 Straight&Waves Piastra per Capelli con Doppio Profilo, Capelli Effetto Liscio o onde Beach Waves, Rivestimento in Ceramica, 4 Livelli di Temperatura da 150°C a 210°C","0","44.99","0","0","1665651666.31511",NA
"119","B00HLUUNOK","Bellissima Imetec Creativity B15 50 Piastra per Capelli, Styling Liscio o Mosso, Rivestimento in Nanoceramica, Regolazione della Temperatura da 140°C a 230°C, Piastre Oscillanti","0","39.99","0","0","1665651688.77246",NA
"120","B07W3VJQZD","Bellissima Imetec GH18 1100 Modellatore ad Aria, Rivestimento spazzole in Ceramica, 5 Accessori per Realizzare Capelli Lisci e Luminosi, a Onde morbide o Ricci Stretti, 1000 W","0","33.99","0","0","1665651711.65963",NA
"121","B082WSYYCX","Bellissima Imetec Asciugacapelli K9 2300 Asciuga e Mantiene Idratati i Capelli senza Effetto Crespo, 2300 W, Tecnologia a Ioni, 8 Combinazioni Flusso d'Aria Temperatura, Diffusore capellli ricci","0","39.99","0","0","1665651734.46953",NA
"122","B082WSZXHB","Bellissima Imetec Asciugacapelli S9 2200 Asciuga e Modella con Precisione, 2200 W, 8 Combinazioni Flusso d'Aria Temperatura, Beccussio di precisione, Colpo aria fredda","0","25.99","0","0","1665651757.05465",NA
"123","B07Y8DPHCL","Bellissima Imetec P3 3400 Asciugacapelli con Motore AC professionale, Tecnologia a Ioni per Capelli morbidi, Idratati e Luminosi, Griglia Rivestita in Ceramica, 2400 W di Potenza","0","58.8","0","0","1665651778.93811",NA
"124","B07Y8DHN3F","Imetec ECO SE9 1000 Asciugacapelli con Tecnologia Eco Technology 1400 W, Consumo Energetico Ridotto, 8 Combinazioni Aria/Temperatura, Diffusore per Capelli Ricci","0","35.98","0","0","1665651801.2771",NA
"125","B07Y8GSGKD","Bellissima Imetec Beach Waves Multi GT21 100 piastra per capelli a onde 4 in 1, 4 tipi di onde diverse per tante acconciature con un semplice gesto","0","92.12","0","0","1665651824.04028",NA
"126","B00KMU7SYY","Imetec Bellissima GH15 800 Spazzola ad Aria","0","24.99","0","0","1665651845.76775",NA
"127","B08BXFXMBH","Bellissima Imetec Miracle Wave GH19 1100 - Spazzola ad aria modellante, Crea onde morbide e naturali con un calore che rispetta il capello, Rotazione automatica, Nero","0","59.9","0","0","1665651868.27952",NA
"128","B09SGB55N4","Bellissima Imetec Diffon Supreme, Diffusore ad Aria Calda per Capelli Ricci, Diffusore XL con 12 Dita, Tecnologia Ceramica&Argan Oil, 2 Velocità, 3 Temperature, Ionizzatore, Asciugatura Delicata","0","146.32","0","0","1665651890.76821",NA
"129","B09ZJ9QXZY","Bellissima Imetec Creativity Ceramic & Tourmaline, Piastra per Capelli, Liscio o Mosso, Rivestimento in Ceramica e tormalina, Regolazione Temperatura da 150-230°C, Riscaldamento Rapido","0","49.9","0","0","1665651913.16626",NA
"130","B09ZF4CS7D","Imetec Callus Remover, Kit Rulli di Ricambio per Pedicure Elettrico, 1 Rullo a Grana Grossa, 1 Rullo a Grana Fine","0","4.99","0","0","1665651935.27162",NA
"131","B09ZF4P9LV","Imetec Callus Remover, Pedicure Elettrico, Rimuove Calli e Pelle Secca, 2 Rulli a Grana Grossa e Fine Lavabili, Rotazione Automatica, Coperchio Protettiva, 2 Batterie Incluse, per Donna e Uomo","0","19.8","0","0","1665651957.80677",NA
"132","B015NVW8HS","Imetec Living Air M2-200 Termoventilatore con Ionizzatore, 2200 W, 3 Livelli di Temperatura, Termostato Ambiente","0","34.99","0","0","1665651979.66613",NA
"133","B0154G9JQU","Imetec Living Air M2-100 Termoventilatore, 2200 W, 3 Livelli di Temperatura, Termostato Ambiente, Silenzioso, Funzione antigelo","0","39.9","0","0","1665652001.47785",NA
"134","B00NJ71UWI","Imetec Living Air C2-100 Termoventilatore 2200 W, 3 Livelli di Temperatura, Impugnatura Ergonomica","0",NA,"0","0","1665652023.18517",NA
"135","B004ASNGL8","Imetec Living Air C1-100, 4910G, 75902, Termoventilatore Compatto","0","27.99","0","0","1665652045.24196",NA
"136","B0154G96J0","Imetec Eco Ceramic Diffusion CFH2-100 Termoventilatore Oscillante con Tecnologia Ceramica a Basso Consumo Energetico, Oscillante, 6 Funzioni di Temperatura","0","106.92","0","0","1665652066.85086",NA
"137","B004ASNGFO","Imetec Eco Silent Diffusion FH4-300 Termoventilatore Oscillante e Silenzioso a Basso Consumo Energetico, 3 Livelli di Temperatura, Termostato Ambiente","0","102.27","0","0","1665652088.96631",NA
"138","B004ASNGNQ","Imetec Eco Silent FH5-100 Termoventilatore Silenzioso a Basso Consumo Energetico, Maniglia Ergonomica, 3 Livelli di Temperatura, Termostato Ambiente","0","52.99","0","0","1665652110.49868",NA
"139","B00E4KNTSM","Imetec Eco Ceramic CFH1-100 Termoventilatore con Tecnologia Ceramica a Basso Consumo Energetico, Silenzioso, 3 Livelli di Temperatura, Termostato Ambiente","0","102.27","0","0","1665652132.68418",NA
"140","B0987CNV93","Imetec Eco Rapid, Stufa Elettrica 2000 W, Tecnologia a Basso Consumo Energetico, Termoconvettore 4 Temperature, Termostato Ambiente, Silenzioso","0","54.99","0","0","1665652154.35843",NA
"141","B0094DXP2O","Imetec Living Air Color C1-100 Termoventilatore Compatto","0",NA,"0","0","1665652176.15183",NA
"142","B075WVHGMB","Imetec Living Air C2-200 Termoventilatore Compatto, 2200 W, Termostato Ambiente, Silenzioso, maniglia Ergonomica","0","24.99","0","0","1665652197.83733",NA
"143","B079F2H58S","Imetec Living Air C4-100 Termoventilatore, 2000 W, Compatto ed Elegante, Silenzioso, Termostato Ambiente","0","24.99","0","0","1665652220.05658",NA
"144","B07CKMWSG6","Imetec Living Air M2-400 Termoventilatore con Ionizzatore 2200 W, 3 Livelli di Temperatura, Termostato Ambiente, Nero","0","34.99","0","0","1665652242.16727",NA
"145","B00FM266R2","Imetec Dolcevita ES4 Bilancia Elettronica da Cucina, Pesa Solidi e Liquidi, Contenitore Estraibile, Scala Graduata, Portata 5 Kg, Divisione 1 g, Funzione Tara, Display Digitale, Spegnimento Automatico","0","33.99","0","0","1665652264.57293",NA
"146","B00KU2O2R0","Imetec Zero glu Macchina Pane, 920 W, fino a 1 kg di pane, Plastica, Bianco","0","224.24","0","0","1665652286.5059",NA
"147","B0050IHX98","Imetec Dolcevita TS1 Tostapane, 500 W, Acciaio Inossidabile, 2 Scomparti, Bianco","0","29.8","0","0","1665652308.63222",NA
"148","B00E3QGS3U","Imetec Dolcevita GL5 Bistecchiera, Piastre Antiaderenti, Grill con 2 Posizioni di Cottura, Scalda Panini con Temperatura 200 °C, Spia Riscaldamento Piastre, Beccuccio per Scolo Liquidi, 1000 W","0","94.99","0","0","1665652330.82172",NA
"149","B00GAY1RQQ","Imetec Dolcevita TS9 Tostapane, 7 Livelli di Doratura, 2 Pinze in Acciaio Inox, Timer con Autospegnimento, Design Compatto, Cassetto Raccogli-briciole, Pratico Avvolgicavo, 3 Colori, 500 W","0",NA,"0","0","1665652352.35877",NA
"150","B013Y0U7SC","Imetec Dolcevita SM3 Tostiera, 800 Watt, Grigio","0","30.99","0","0","1665652374.12854",NA
"151","B00NM8FSJ0","Imetec Griglia&Gusta Bistecchiera, Piastre Antiaderenti Removibili, Rivestimento Triplo Strato al Titanio Stone-Look, Grill con 7 Posizioni, 3 Funzioni di Cottura, Thermo Control, 2000 Watt","0","97.99","0","0","1665652396.90006",NA
"152","B0158R6S3M","Imetec Dolcevita SM4 Tostiera, Piastre Rigate e Antiaderenti, Spia Riscaldamento Piastre, Gancio Chiusura, Avvolgicavo, Ingombro Ridotto, 700 W","0","33.99","0","0","1665652419.01519",NA
"153","B00NM8FSNG","Imetec Professional Serie TS 600 Tostapane, 2 Fessure Extralarge e Pinze Apribili per Toast Extrafarciti, 10 livelli di doratura, Timer con Autospegnimento, Cassetto Raccogli-briciole, 600 W","0","59.99","0","0","1665652440.98987",NA
"154","B0067HDP3E","Imetec Dolcevita HP1 Fornelletto, 1500 W, 50 Hz, Bianco","0",NA,"0","0","1665652462.68302",NA
"155","B0086W3P4C","Imetec Dolcevita HP2 Fornelletto, 2500 W, 50 Hz, Bianco","0",NA,"0","0","1665652484.25524",NA
"156","B01LXNKQOL","Imetec PaneMio Macchina del Pane, Impasta Lievita e Cuoce, 12 Programmi, Cestello Pagnotta, Accessorio Panini, 3 Livelli di Doratura, Avvio Programmabile, 550 W, Ricettario, Champagne/Antracite","0","134.99","0","0","1665652506.88351",NA
"157","B075R6RQB9","Imetec KT 100 Bollitore, Rapida Ebollizione, 1,7 L, Indicatore di Temperatura Acqua, Acciaio Inox, 2200 W, con Guida tè e tisane","0","31.9","0","0","1665652529.20926",NA
"158","B0050IHCT4","Imetec HB2 100 Frullatore a Immersione, Lame in acciaio inox, Funzionamento ad impulsi, Impugnatura Ergonomica, 170 W","0","19.9","0","0","1665652551.31737",NA
"159","B0069OEQA6","Imetec Professional Serie HB 2000 Frullatore a Immersione, con Tritatutto e Frusta, Gambo Estraibile e Lame in Acciaio Inox, 2 Velocità, Bicchiere Graduato, 600 W","0","119.49","0","0","1665652573.15987",NA
"160","B004ASNGMM","Imetec La Grattugia, grattugia elettrica, Rullo in Acciaio Inox, Tramoggia in Alluminio, Contenitore Estraibile con Coperchio Salvafreschezza, Sistema di Sicurezza, 150 W","0","109","0","0","1665652595.34643",NA
"161","B0050IH7PS","Imetec Dolcevita HB2 500 Frullatore a Immersione","0","26.03","0","0","1665652617.404",NA
"162","B0050IH76W","Imetec Dolcevita ST7 Sbattitore Elettrico, Frusta Elettrica per Impasti Dolci e Panna Montata, Ganci Acciaio Inox per Impastare, 5 Velocità + Turbo, Design Ergonomico, 200 W","0","20.99","0","0","1665652638.95553",NA
"163","B006KOOYMU","Imetec CG1 100 Macina Caffè e Spezie Elettrico con Lame in Acciaio Inox, Contenitore Salva-Freschezza, Funzionamento a Impulsi, Macinino per Caffè, Spezie, Pepe, Zucchero, Frutta Secca, 150 W","0","26.99","0","0","1665652661.41646",NA
"164","B0050IGZC4","Imetec CP4 Spremiagrumi Elettrico, Cono Universale, Filtro Antipolpa, Doppio Senso di Rotazione, Funzionamento a Pressione, Contenitore 300 ml BPA Free, Compatto","0","15.99","0","0","1665652683.87827",NA
"165","B0064LNOFM","Imetec 7313 Frullatore Rolly Bianco/Verde","0","28.53","0","0","1665652705.95783",NA
"166","B006FX36GQ","Imetec Professional Serie HB 1000 Frullatore a Immersione, Gambo Estraibile e Lame in Acciaio Inox, 2 Velocità, Bicchiere Graduato, 600 W","0","23.9","0","0","1665652727.98385",NA
"167","B004ASNGJ0","Imetec Frullatore Dolcevita Bl3 300","0","30.99","0","0","1665652749.9893",NA
"168","B0063RM8H2","Imetec BL6 1000 Frullatore Alta Velocità 21000 giri/min, 500 W, Bicchiere in Vetro 1.5 litri, 6 Lame Tritaghiaccio Acciaio Inox, 2 Velocità con Pulse, Foro Dosa Liquidi","0","34.99","0","0","1665652772.75264",NA
"169",NA,NA,NA,NA,NA,NA,NA,NA
"170","B009E7BWQQ","Imetec BL4 700 Frullatore con 4 Lame Tritaghiaccio Inox, Bicchiere in Vetro Alto Spessore 800 ml, Corpo in Acciaio, 2 velocità con Pulse, Foro Dosa Liquidi, 500 W, 0.8 Litri","0","34.99","0","0","1665653141.33342",NA
"171","B009E7BTA0","Imetec Wellness JE Centrifuga per Succhi di Frutta e Verdura, 2 Velocità, Filtro Microforato in Acciaio Inox, Ampia Apertura 65 mm, Estrattore di Succo con Ricettario, 400 W, Rosa","0","38.98","0","0","1665653163.37767",NA
"172","B004ASNGIQ","Imetec FrullaTutto Frullatore, Lame Tritaghiaccio in Acciaio Inox, Bicchiere da 800 ml in Vetro Antigraffio, 2 Velocità, Funzionamento Impulsi, 500 W, 2 Velocità, Lavabile Lavastoviglie","0","49.99","0","0","1665653185.58201",NA
"173",NA,NA,NA,NA,NA,NA,NA,NA
"174","B0057FZEKE","Imetec Professional Serie ST 1000 Sbattitore Elettrico, Frusta Elettrica per Impasti Dolci e Panna Montata, Ganci Acciaio Inox per Impastare, 2 Velocità, 400 W","0","20.99","0","0","1665653610.33861",NA
"175","B0169W81UI","Imetec Zero-Glu KM 1500 Impastatrice per Pane, Pizza, Pasta e Dolci Senza Glutine, Gancio per Celiaci, Gancio Tradizionale, Frusta in Acciaio, Movimento Planetario, Recipiente 6 l, 1500 W, Ricettario","0","132.99","0","0","1665653632.47843",NA
"176",NA,NA,NA,NA,NA,NA,NA,NA
"177","B00OQ386EE","Imetec Accessorio Spaghetti-Machine per Impastatori Zero-Glu KM 1500 e Cucina Italiano KM 2000","0","53.79","0","0","1665654150.19494",NA
"178","B0158QX43A","Imetec Estrattore di succo professionale SUCCOVIVO SJ 1000","0","139.99","0","0","1665654171.99255",NA
"179","B01LZ1Y47Q","Imetec SuccoVivo SJ 1000 Estrattore di Succo a Freddo Professionale, Spremitura Lenta, Potente Motore a Induzione, Senza Lame, 2 Filtri","0","224.04","0","0","1665654194.11122",NA
"180","B0050IHBR2","Imetec Bimbo HM3 Omogeneizzatore, 2 Vasetti Salvafreschezza, Lame Acciaio Inox, Funzionamento ad Impulsi, 400 ml","0","44.99","0","0","1665654215.93303",NA
"181","B0081SYSOW","Imetec Professional Serie VM 1000 Macchina Sottovuoto","0","137.89","0","0","1665654238.1221",NA
"182","B00OQ38BH6","Imetec Cucina Italiano KM 2000 Impastatrice per Pane, Pizza, Pasta e Dolci, 3 Ganci Intercambiabili, 2 Accessori, Movimento Planetario, Recipiente in Acciaio Inox 6 l, 1500 W, con Ricettario","0","229.98","0","0","1665654259.96294",NA
"183","B008F8E4PG","Imetec Grattugella Grattugia Elettrica Ricaricabile, Senza Filo, Formaggio Direttamente nel Piatto, Cordless, Rullo in Acciaio Inox, Autonomia 1 ora, Funzionamento a Pressione, Impugnatura Ergonomica","0","37.98","0","0","1665654282.19371",NA
"184","B00G98HUOQ","Imetec Cukò Robot da Cucina Multifunzione con Cottura, Multicooker con 3 Programmi Automatici di cottura per Risotti, Pasta e Vellutate, 8 Funzioni, 570 W, 4 Porzioni, con Ricettario","0","291","0","0","1665654304.88394",NA
"185","B0050IH9LU","Imetec Dolcevita CH5 Tritatutto","0","33.99","0","0","1665654326.99825",NA
"186","B01EYQUM2G","Imetec HB4 Frullatore a Immersione, Gambo in Acciaio Large Estraibile, Lame in Acciaio Inox, Funzionamento a Impulsi, 450 W","0","30.99","0","0","1665654349.35145",NA
"187","B01JOL22Y2","Imetec HB3 Frullatore a Immersione, Gambo Large Estraibile, Lame in Acciaio Inox, Funzionamento a Impulsi, 450 W","0","24.58","0","0","1665654371.00591",NA
"188","B01LZA1T4H","Imetec Succovivo Compact SJ 700 Estrattore di Succo a Freddo per Frutta e Verdura, Slow Juicer Compatto con Filtro Succhi, Spremitura Lenta, Velocità Regolabile, con Ricettario","0","169.99","0","0","1665654393.09725",NA
"189",NA,NA,NA,NA,NA,NA,NA,NA
"190","B01LXNKQYD","Imetec ST 500 Sbattitore Elettrico, Fruste Lunghe per Impasti Dolci e Panna Montata, Ganci Acciaio Inox per Impastare, 5 Velocità + Turbo, Design Ergonomico, 200 W","0","26.99","0","0","1665654865.56859",NA
"191","B00OQ386AS","Imetec Accessorio Tritacarne per Impastatori Zero-Glu KM 1500 e Cucina Italiano KM 2000","0",NA,"0","0","1665654887.23208",NA
"192","B06X1D31QX","Imetec CH 1000 Tritatutto, 4 Lame in Acciaio Inox, Capiente Contenitore 600 ml, Accessorio Frusta per Salse e Panna Montata, Funzionamento a Pressione, 500 W, Bianco/nero","0","33.99","0","0","1665654908.99274",NA
"193","B072QRG7BZ","Imetec CH 500 Tritatutto, Lame in Acciaio Inox, Contenitore 400 ml, Funzionamento a Pressione, Compatto, 350 W, Nero","0","43.46","0","0","1665654930.73459",NA
"194","B005PW7S0I","Imetec 7323 ECO CP Spremiagrumi","0",NA,"0","0","1665654952.65675",NA
"195",NA,NA,NA,NA,NA,NA,NA,NA
"196","B0736QWV24","Imetec Succovivo Compact 800 Estrattore di Succo a Freddo, Filtro Succhi, Accessorio Sorbetti, Compatto, Spremitura Lenta, Velocità Regolabile, con Ricettario","0","224.04","0","0","1665655349.82281",NA
"197","B0711KBY99","Imetec Personal e Sport Blender PB 100 Mini Frullatore con 2 Bottiglie Take-Away in Tritan e 4 Lame in Acciaio Inox, 22,000 giri/min","0","39.99","0","0","1665655372.09011",NA
"198","B00GAY1NXS","Imetec NA 100 Aspiratore Nasale","0","39.9","0","0","1665655394.19831",NA
"199","B008HRP9IG","Imetec Wellness KS Bilancia da Cucina Digitale","0",NA,"0","0","1665655415.85083",NA
"200","B076998CD8","Imetec Succovivo Pro 2000 Estrattore di Succo Professionale a Freddo, Spremitura Lenta 48 Giri/Min, 2 Filtri per Succhi, Accessorio per Granite e Sorbetti, Kit per Maschere Bellezza, con Ricettario","0",NA,"0","0","1665655437.86325",NA
"201","B071451JHC","Imetec SM 1000 Soup Maker, Cuoce e Frulla, 3 Programmi Automatici, Vellutate, Zuppe e Frullati, 6 Porzioni, Lame Seghettate Acciaio Inox, con Ricettario, 900 W, 1.6 Litri","0","91.77","0","0","1665655460.14423",NA
"202","B0755CJFPL","Imetec SP 100 Spiralizer Elettrico, Tagliaverdure a Spirale, Affetta Verdure in 3 Forme Spaghetti, Tagliatelle, Pappardelle, Lame in Acciaio Inox, Contenitore BPA Free 500 ml, Sistema di Sicurezza","0","49.99","0","0","1665655482.62193",NA
"203","B07MVXGBXQ","Imetec Gourmet 300° C Pro Ow1 3000 Forno Elettrico, Tecnologia Pizza 300° C, 6 Funzioni, Professionale, Pietra Refrattaria, Doppia Porta, 2200 W, 32 litri, Ricettario","0","239.49","0","0","1665655504.74097",NA
"204","B07J3SF9XC","Imetec VM2 1500 Macchina Sottovuoto per Alimenti, Sigillatrice Automatica e Manuale con 6 Funzioni, Aspirazione 840 mbar, Velocità 12 L/min, Rotolo per Sacchetti 30 x 600 cm","0","110.16","0","0","1665655527.4761",NA
"205","B07MZJFVP5",NA,"0",NA,"0","0","1665655547.59036",NA
"206","B00IHXRDPW",NA,"0",NA,"0","0","1665655567.90222",NA
"207","B07JVDGSRR",NA,"0",NA,"0","0","1665655596.77727",NA
"208","B07JVDXQC9",NA,"0",NA,"0","0","1665655616.96491",NA
"209","B07NXSV38C","Imetec HB5 1500 Frullatore a Immersione, Lame in Acciaio Inox, Piede Extra Large, 2 Velocità, Gambo Estraibile, Bicchiere da 1 Litro, Potenza 800 W, 15.000 Giri/Min","0","24.99","0","0","1665655639.20313",NA
"210","B07P21NNPD","Imetec HB5 2500 Frullatore a Immersione, 3 Accessori, Tritatutto, Frusta e Bicchiere, Piede Extra Large, 2 Velocità, Potenza 800 W, 15.000 Giri/Min, Inox","0","45.99","0","0","1665655661.5729",NA
"211","B07P35D3MC","Imetec BL3 300 Frullatore Compatto, Bicchiere in Plastica BPA Free, Capacità 700 ml, Coperchio Dosa Liquidi, 250 W","0","34.99","0","0","1665655683.41737",NA
"212","B07PN685MZ",NA,"0",NA,"0","0","1665655703.56099",NA
"213","B008DREZM6","Imetec VM2 10 Set 50 Sacchetti per Macchina Sottovuoto, BPA Free, 20 x 30 cm, Made in Italy, Plastica","0","15.3","0","0","1665655725.70214",NA
"214","B07V8HZXXQ","Imetec Succovivo SJ4 1200 Estrattore di Succo a Freddo per Frutta e Verdura, Spremitura Lenta 50 Giri/Min, Tecnologia Easy Juice, Filtro Succhi, Accessorio Sorbetti, Pulizia 2 Minuti, Bianco/Nero","0","6.56","0","0","1665655748.80391",NA
"215","B07V7DRR7S",NA,"0",NA,"0","0","1665655768.93902",NA
"216","B07V69QDFR","Imetec SM3 900 Tostiera, Piastre XL Rigate e Antiaderenti, Interruttore ON/OFF, Spia Riscaldamento Piastre, Gancio Chiusura, Avvolgicavo, Tostapane Compatto, 900 W, Grigio Medio","0","33.99","0","0","1665655791.49336",NA
"217","B0848JZ6KP","Imetec Zero-Glu Pro, Macchina per Pane, Ciabatte e Panini Senza Glutine per Celiaci, Pasta Pizza, Dolci, Marmellate, 20 Programmi, 2 Pale Impastatrici, Temperatura levitazione controllata, Ricettario","0","239.99","0","0","1665655814.49814",NA
"218","B00A6B4RW0",NA,"0",NA,"0","0","1665655834.56292",NA
"219","B00IRAFHB2","Bellissima Imetec Kit Testine di Ricambio Face Cleansing per Pelli Normali e Pelli Sensibili, 4 Diverse Testine per Detergere, Massaggiare, Levigare e Idratare La Pelle","0","14.77","0","0","1665655857.19262",NA
"220","B00DUFC4BA",NA,"0",NA,"0","0","1665655877.3467",NA
"221","B00856SPB2",NA,"0",NA,"0","0","1665655897.57704",NA
"222","B00Y7YLYGE","Bellissima Imetec Kit Micro Rulli Lucida Unghie Automatico con 2 Micro Rulli Leviganti e 2 Micro-Rulli Lucidanti, Facilitano la Stesura dello Smalto","0","9.9","0","0","1665655919.39173",NA
"223","B00Y7YLYIM",NA,"0",NA,"0","0","1665655939.50814",NA
"224","B00VJSOZE4",NA,"0",NA,"0","0","1665655959.77627",NA
"225","B00T9QV4DS","Imetec Bellissima Active Scrub Kit Rulli Pedicure di Ricambio, Piedi Lisci e Levigati","0","8.9","0","0","1665655982.3261",NA
"226","B008HRP6UW",NA,"0",NA,"0","0","1665656002.58977",NA
"227","B009E7CBIY","Bellissima Imetec Face Cleansing Spazzola Per Pulizia Viso, Deterge Ed Esfolia La Pelle Del Viso, Bianco, 16 X 5 X 16 Cm","0","29.99","0","0","1665656024.70425",NA
"228","B00VJSOZJO",NA,"0",NA,"0","0","1665656044.88756",NA
"229","B00DUFC5M8",NA,"0",NA,"0","0","1665656065.06311",NA
"230","B00VJSOZ8A","Bellissima Imetec Lucida Unghie Automatico, Sistema Rotante Automatico, 2 Diversi Rulli Levigante e Lucidante, Comodo Anche in Viaggio","0","9.9","0","0","1665656087.12714",NA
"231","B01HOA2XEE","Bellissima Imetec Face Cleansing Pure&Light Spazzola per la Pulizia del Viso, 4 Diverse Testine per Trattamenti Personalizzati, Uso Anche Sotto la Doccia per una Pelle Liscia e Levigata","0","29.99","0","0","1665656109.73163",NA
"232","B01LYO6HXV","Bellissima Imetec Face Cleansing Cleanse&Massage Spazzola per la Pulizia del Viso, 3 Testine per Trattamento Personalizzato, Tecnologia a Vibrazione Sonica, 2 velocità, Beauty bag da viaggio","0","29.99","0","0","1665656131.8378",NA
"233","B008HRP6XO","Imetec Bellissima Active Scrub Set Pedicure Elettrico, 2 Rulli Leviganti a Grana Grossa e Grana Fine, Design Ergonomico e Compatto, Spazzolina per la Pulizia dei Rulli Inclusa","0","31.54","0","0","1665656154.24222",NA
"234","B06XVGK6QK",NA,"0",NA,"0","0","1665656174.37937",NA
"235","B072Q1FDQ3",NA,"0",NA,"0","0","1665656194.67934",NA
"236","B071LTX5ZM",NA,"0",NA,"0","0","1665656214.95861",NA
"237","B0728PHH5F",NA,"0",NA,"0","0","1665656235.19954",NA
"238","B072K6WZZB",NA,"0",NA,"0","0","1665656255.3628",NA
"239","B0050IIK72","Imetec Hi-Man First Cut NT 300 Rifinitore","0","10.9","0","0","1665656278.58436",NA
"240","B0050IILSA",NA,"0",NA,"0","0","1665656298.7681",NA
"241","B005QZ4ET2","Imetec HC7 200 Tagliacapelli","0","50.28","0","0","1665656320.75644",NA
"242","B015O6AFJ0","Imetec Hi-Man HC10 100 Tagliacapelli","0","26.72","0","0","1665656343.06725",NA
"243","B015O6AG6M",NA,"0",NA,"0","0","1665656363.14777",NA
"244","B00SKVYBAG","Imetec Hi-Man Pro GK4 100 Regolabarba Professionale","0","53.54","0","0","1665656385.76711",NA
"245","B00NAVVTP6",NA,"0",NA,"0","0","1665656405.95184",NA
"246","B0050IH1OA","Imetec Hi-Man Expert HC7 100 Tagliacapelli, ac/dc","0","38.86","0","0","1665656428.4269",NA
"247","B00NAVVTNI",NA,"0",NA,"0","0","1665656448.56592",NA
"248","B01M0KYE4E",NA,"0",NA,"0","0","1665656468.819",NA
"249","B007ISMJQU","Imetec Hi-Man Expert HC10 100 Tagliacapelli, nero","0","36","0","0","1665656490.97555",NA
"250","B009P1X0T8","Imetec Hi-Man GK3 500 Regolabarba, Nero/Argento","0","110.65","0","0","1665656512.69835",NA
"251","B079Z9GZK3","Ducati By Imetec Tagliacapelli Professionale HC 919 Podium, Lame Acute Angles Rivestite in Titanio, 13 Regolazioni da 1 mm a 25 mm, Ricarica Rapida, Cordless","0","36","0","0","1665656535.45131",NA
"252","B079ZLXZ9Z",NA,"0",NA,"0","0","1665656555.60143",NA
"253","B079ZKKLCJ","Ducati By Imetec Tagliacapelli HC 719 Steering, Lame in Acciaio Inossidabile ad Alta Resistenza, 15 Regolazioni da 1 mm a 23 mm, Cordless, batteria","0","36","0","0","1665656577.83053",NA
"254","B079ZKKZ3B","Ducati By Imetec Kit Regolabarba GK 818 Race, 16 in 1 per Viso e Corpo, Lame Rivestite in Titanio, Lama Extralarge, Mini Shaver, Body Shaver, Rifinitore di Precisione","0","36","0","0","1665656600.17792",NA
"255","B079ZLVGKL",NA,"0",NA,"0","0","1665656620.27099",NA
"256","B079ZLSTZM","Ducati By Imetec Kit Regolabarba GK 618 Gearbox, 8 in 1 per Viso e Corpo, Lame in Acciaio Inossidabile, Rifinitore di Precisione, Body Shaver, ca/batteria","0",NA,"0","0","1665656642.55796",NA
"257","B07F39QPKK","Ducati By Imetec Kit Regolabarba GK 608 Warm Up 6 in 1 per Viso, Naso e Orecchie, Lame in Acciao Inossidabile ad Alta Resistenza, Rifinitore Verticale di Precisione Incluso","0","30.74","0","0","1665656664.69965",NA
"258","B07Y8FDSRJ","Ducati by Imetec Tagliacapelli HC 729 U-Turn, Lama XL in Acciaio Inox, 35 Lunghezze di Taglio, Kit per la Pulizia incluso","0",NA,"0","0","1665656686.99315",NA
"259","B009E7CATE","Imetec Bellissima SensEpil Lux Epilatore a Luce Pulsata, 65.000 Impulsi, Tecnologia HPL, Lampada a Doppia Resa per un Trattamento Veloce, Doppio Sistema di Protezione della Pelle, 5 Livelli Energia","0","179.99","0","0","1665656709.79897",NA
"260","B00H9YL8E2",NA,"0",NA,"0","0","1665656729.89742",NA
"261","B007USIKSO",NA,"0",NA,"0","0","1665656750.17462",NA
"262","B00UH55XKK",NA,"0",NA,"0","0","1665656770.45356",NA
"263","B015O6A65I","Imetec Bellissima Flash&Go Fast Epilatore a Luce Pulsata, Tecnologia Advanced HPL Plus, Doppio Sistema Protezione della Pelle e Touch Sensor, 5 Livelli Di Energia Luminosa, fino a 200.000 Impulsi","0","29.1","0","0","1665656792.42622",NA
"264","B015O6J85C","Imetec Bellissima Zero Ultra Fast Epilatore a Luce Pulsata, Fast HPL Plus Technology, Doppio Sistema di Protezione della Pelle e Touch Sensor, 5 Livelli Di Energia Luminosa, fino a 300000 Impulsi","0","89.99","0","0","1665656814.71591",NA
"265","B009E7AKA0",NA,"0",NA,"0","0","1665656835.0587",NA
"266","B01M1BX2RL","Imetec Bellissima Zero Pro Dual Epilatore a Luce Pulsata Tecnologia HPL&Galavnic, Doppio Sistema di Protezione della Pelle,5 Livelli di Energia Luminosa, Lampada Quartz,fino a 400.000 Impulsi di Luce","0","253.4","0","0","1665656857.12712",NA
"267","B01M0149BP",NA,"0",NA,"0","0","1665656877.14057",NA
"268","B0728PHKBL","Imetec Bellissima Flash&Go Pro Epilatore a Luce Pulsata per la Riduzione Permanente dei Peli Superflui di Viso e Corpo, 350.000 Impulsi, Utilizzabile Anche su Pelle Abbronzata a Livelli 1 e 2","0","89.99","0","0","1665656899.54457",NA
"269","B007M906CE","Imetec Bellissima ET1 200 Epilatore Meccanico, Doppia Testina, Funzione Waterproof, 90 Minuti di Autonomia","0","72.68","0","0","1665656922.33956",NA
"270","B075RGNCZQ","Bellissima Imetec Comfort Lady Rasoio Elettrico per Donna, Wet&Dry, Lame Arrotondate e Oscillanti","0","34.99","0","0","1665656944.62683",NA
"271","B078LJX5GY","Imetec Bellissima Zero Pro Compact Epilatore a Luce Pulsata per la Riduzione Permanente dei Peli Superflui di Viso e Corpo, 300.000 Impulsi, Utilizzabile anche su Pelle Abbronzata","0","32.9","0","0","1665656966.85003",NA
"272","B07P8VM7P7","Bellissima Imetec Flash&Go Lampada di Ricambio per Epilatore a Luce Pulsata, Superficie della Lampada 4 cm², Filtro UV, Fino a 5000 Flash","0","29.1","0","0","1665656988.8477",NA
"273","B00JZOO2UG","Imetec Intellisense Plaid Riscaldabile Singolo, Termocoperta con Tecnologia Intellisense, Morbida Microfibra Bicolore Reversibile, Lavabile in Lavatrice, 150 x 90 cm","0","49.99","0","0","1665657010.71189",NA
"274","B0056BY2Q6","Imetec Intellisense Plaid Riscaldabile Matrimoniale, Termocoperta con Tecnologia Intellisense, Morbida Microfibra Bicolore Reversibile, Lavabile in Lavatrice, 180 x 140 cm","0","74.99","0","0","1665657032.70352",NA
"275","B005TVOC3G","Imetec Softly Scaldaletto, 50% Lana, Matrimoniale","0","87.9","0","0","1665657055.09337",NA
"276","B00563GAPA","Imetec 6018C Scaldasonno Premium, 100% Lana e Merino, Scaldaletto Matrimoniale","0","90","0","0","1665657077.20434",NA
"277","B0056C02MI","Imetec Scaldasonno Matrimoniale 150x160 cm, 50% Lana e Merino, 2 Temperature, Dispositivo Sicurezza Electro Block, Made in Italy","0","143.9","0","0","1665657099.99457",NA
"278","B00563PPGA",NA,"0",NA,"0","0","1665657120.12485",NA
"279","B005658E1Q","Imetec 6007C Scaldasonno Premium, 100% Lana e Merino, Scaldaletto Singolo","0","85.29","0","0","1665657142.70705",NA
"280","B0056BZZDA","Imetec Scaldasonno Singolo 150x80 cm, 50% Lana e Merino, 2 Temperature, Dispositivo Sicurezza Electro Block, Made in Italy","0","94.99","0","0","1665657165.20791",NA
"281","B0056BZZAI",NA,"0",NA,"0","0","1665657185.30457",NA
"282","B00M975Z5W",NA,"0",NA,"0","0","1665657205.56422",NA
"283","B008OFBLYC","Imetec Relaxy Intellisense CHP 01 Termoforo Cervicale, Comando Digitale con 5 Temperature con Riscaldamento Rapido, Tessuto in Microfibra Anallergico, Lavabile, Dimensioni 42 x 38 cm","0","47.99","0","0","1665657228.0612",NA
"284","B008OFBLR4","Almohadilla Termica Imetec Rectang 40X35","0","34.99","0","0","1665657250.49191",NA
"285","B078RL1X78","Imetec BW03 Boule Elettrica Cordless, Tecnologia Ceramica, Riscaldamento Ultrarapido, Termostato di Sicurezza, Spia di Ricarica","0","41.81","0","0","1665657273.00037",NA
"286","B01LXFEQXU",NA,"0",NA,"0","0","1665657293.11142",NA
"287","B01LZDKK2F","Imetec Sensitive Maxi Scaldasonno Singolo, si Adatta ai Cambi di Temperatura, Tessuto Anallergico, Electro Block, 6 Temperature, 190 x 90 cm, Bianco","0","94.46","0","0","1665657315.48142",NA
"288","B01M109MOV","Imetec Sensitive Maxi Scaldasonno Singolo, si Adatta ai Cambi di Temperatura, Tessuto Anallergico, Electro Block, 6 Temperature, 190 x 90 cm, Bianco","0","94.46","0","0","1665657337.82937",NA
"289","B01L969ZHW","Imetec 16284 Scaldasonno Express Singolo, Tecnologia Express Rapido Riscaldamento, 100% Lana e Merino, Electro Block di Sicurezza, Lavabile, 3 Temperature, Risparmio Energetico, Made in Italy","0","80","0","0","1665657359.94952",NA
"290","B01L969YMS",NA,"0",NA,"0","0","1665657380.0689",NA
"291","B01M1Y6Y6K",NA,"0",NA,"0","0","1665657400.35752",NA
"292","B01LZ1UUI6","Imetec 16282 Scaldasonno Express Singolo, Tecnologia Express Rapido Riscaldamento, 50% Lana e Merino, Electro Block di Sicurezza, Lavabile, 3 Temperature, Risparmio Energetico, Made in Italy","0","80","0","0","1665657422.66597",NA
"293","B01L969XYC","Imetec 16280 Scaldasonno Express Singolo, Tecnologia Express Rapido Riscaldamento, Tessuto Trapuntato, Electro Block di Sicurezza, Lavabile, 3 Temperature, Risparmio Energetico, Made in Italy","0","64.9","0","0","1665657445.18769",NA
"294","B01L96A09E","Imetec 16280 Scaldasonno Express Singolo, Tecnologia Express Rapido Riscaldamento, Tessuto Trapuntato, Electro Block di Sicurezza, Lavabile, 3 Temperature, Risparmio Energetico, Made in Italy","0","64.9","0","0","1665657467.48786",NA
"295","B01CNW2500",NA,"0",NA,"0","0","1665657487.6443",NA
"296","B01LZ1YB12","Imetec Relaxy Intellisense Plaid Riscaldabile, Coperta Elettrica con Tasca per Mani, 150x70 cm","0","66.99","0","0","1665657510.05321",NA
"297","B01CNW257I",NA,"0",NA,"0","0","1665657530.27683",NA
"298","B01CNW24R4",NA,"0",NA,"0","0","1665657550.45387",NA
"299","B017X6MUVU","SGR Scaldaletto, Peluche 50% Lana, Matrimoniale","0","94.99","0","0","1665657572.68483",NA
"300","B017LHJZVY",NA,"0",NA,"0","0","1665657592.72823",NA
"301","B00M975Z7K",NA,"0",NA,"0","0","1665657612.90234",NA
"302","B00NGKX45Y",NA,"0",NA,"0","0","1665657633.2942",NA
"303","B00NGKX6I4",NA,"0",NA,"0","0","1665657653.59827",NA
"304","B00KG1ZT1I","Imetec Intellisense Plaid Riscaldabile Matrimoniale 120 x 160 cm, Termocoperta con Tecnologia Intellisense, Morbida Ecopelliccia, Lavabile in Lavatrice","0","89.99","0","0","1665657676.18532",NA
"305","B00FGRPS6I","Imetec Intellisense CHP 03 Termoforo Cervicale e Spalle Extralarge, Comando digitale con 5 temperature, Tessuto in microfibra anallergico, Lavabile, 60 x 58 cm","0","47.99","0","0","1665657699.37994",NA
"306","B00E4KJ8HI","Imetec Intellisense SHP 01 Termoforo Multifunzione a Sabbia","0","44.99","0","0","1665657721.53499",NA
"307","B008OFBMW8",NA,"0",NA,"0","0","1665657741.6433",NA
"308","B008OFBMI2",NA,"0",NA,"0","0","1665657762.00583",NA
"309","B008OFBM9Q","Imetec Intellisense FW 01 Scaldapiedi, Comando digitale a 5 temperature, Tessuto interno in microplush anallergico sfoderabile e traspirante, Lavabile","0","35.65","0","0","1665657784.45035",NA
"310","B00791DPI2","Imetec 6998 Scaldasonno Green Matrimoniale, Tessuto Riciclato al 100%, 9 Temperature, Timer di Autospegnimento, Lavabile in Lavatrice, Electro Block di Sicurezza","0",NA,"0","0","1665657806.49399",NA
"311","B005TVN99Y",NA,"0",NA,"0","0","1665657826.55911",NA
"312","B07Y8GR1WS","Imetec Scaldasonno Adapto Singolo 150 x 80 Cm, Tecnologia Brevettata, Riscaldamento Rapido, Temperatura Costante e Personalizzata, 100% Cotone, Comando con 6 Temperature","0","83.79","0","0","1665657848.87097",NA
"313","B07Y8GH4K8","Imetec Scaldasonno Adapto Matrimoniale 150 x 160 cm, Tecnologia Brevettata, Riscaldamento Rapido, Temperatura Costante e Personalizzata, 100% Cotone, 2 Comandi con 6 Temperature","0","149.99","0","0","1665657871.75179",NA
"314","B07Y8FDGDQ","Imetec Scaldasonno Adapto Piazza e Mezza 150 X 120 cm, Tecnologia Brevettata, Riscaldamento Rapido, Temperatura Costante e Personalizzata, 100 % Cotone, Comando con 6 Temperature","0","110.99","0","0","1665657893.96991",NA
"315","B07Y8GQMP5",NA,"0",NA,"0","0","1665657914.00729",NA
"316","B07Y8GCMLG",NA,"0",NA,"0","0","1665657934.23721",NA
"317","B07Y8FZ6GJ",NA,"0",NA,"0","0","1665657954.49106",NA
"318","B07Y8GQVND","Imetec Scaldasonno Adapto Matrimoniale, Riscaldamento Rapido, Temperatura Costante e Personalizzata, Tessuto Trapuntato Anallergico, Comando con 6 Temperature, 150 x 160 cm","0","159.9","0","0","1665657977.21555",NA
"319","B07Y8G9L1M",NA,"0",NA,"0","0","1665657997.25619",NA
"320","B00KKI8V58","Imetec Termoforo Cervicale, Comando Digitale con 5 Temperature, 42 x 38 cm","0","47.99","0","0","1665658019.68262",NA
"321","B00NOM9MK0",NA,"0",NA,"0","0","1665658039.68779",NA
"322","B00H2FTS90",NA,"0",NA,"0","0","1665658060.037",NA
"323","B00H2FTN9U",NA,"0",NA,"0","0","1665658080.64024",NA
"324","B01DU6GJLO",NA,"0",NA,"0","0","1665658100.91524",NA
"325","B00F0HK0XA","Imetec Relaxy Intellisense CHP 02 Termoforo Cervicale, Comando Digitale con 5 Temperature con Riscaldamento Rapido, Tessuto in Microfibra Anallergico, Lavabile, Dimensioni XXL 52 x 38 cm","0","47.99","0","0","1665658122.81506",NA
"326","B00BTVSROU",NA,"0",NA,"0","0","1665658142.9163",NA
"327","B00GAX0F1U","Imetec HP-01, Termoforo Multifunzione, Comando Digitale con 5 Temperature, Marrone/Rosso, 40 x 35 cm","0","34.99","0","0","1665658165.4273",NA
"328","B00GOWKD82",NA,"0",NA,"0","0","1665658185.57201",NA
"329","B00A9269R2","Imetec Scaldaletto Singolo, Comando 2 Temperature, Tessuto Trapuntato, Lavabile a Mano e in Lavatrice a 40° C, 150 x 80 cm","0","64.9","0","0","1665658208.46761",NA
"330","B00K6MR6JK","Imetec Scaldaletto Matrimoniale, 2 Comandi con 2 Temperature, Tessuto Trapuntato, Lavabile a Mano e in Lavatrice a 40° C, 150 x 140 cm","0","94.99","0","0","1665658230.44237",NA
"331","B00BTVSK8I",NA,"0",NA,"0","0","1665658250.57491",NA
"332","B004ASNGB8","Imetec SM2-200 Sensuij Sedile Massaggiante","0",NA,"0","0","1665658271.87657",NA
"333","B004ASNGBI",NA,"0",NA,"0","0","1665658291.90676",NA
"334","B004ASNGEA",NA,"0",NA,"0","0","1665658312.06265",NA
"335","B00FZN1H4U","Imetec NS 100 Doccia Nasale Rinowash Micronizzata, Adatto a Tutte Le Età","0","18.9","0","0","1665658334.63053",NA
"336","B00FMUJMBG","Imetec MP3-200 Idromassaggiatore Plantare","0","60.15","0","0","1665658356.68922",NA
"337","B00AKFUBLI",NA,"0",NA,"0","0","1665658377.01216",NA
"338","B00BBUWQR8",NA,"0",NA,"0","0","1665658397.22796",NA
"339","B00AZIV8HG",NA,"0",NA,"0","0","1665658417.52501",NA
"340","B00G3NJVLC","Imetec Med AR 400 Aerosol, 230 V, Bianco","0","39.99","0","0","1665658439.69074",NA
"341","B00AKFUB9K","Imetec MED BP2 100 Provapressione da Polso a Lettura Agevolata","0","29.99","0","0","1665658461.94303",NA
"342","B00AKFUC9E","Imetec MED TM1 100 Termometro a Infrarossi","0","28.54","0","0","1665658483.39492",NA
"343","B00N1TYH88",NA,"0",NA,"0","0","1665658503.64726",NA
"344","B00FZUMBCK",NA,"0",NA,"0","0","1665658524.12252",NA
"345","B075BMSMRF","Imetec Med AR1000 Aerosol a Pistone con Mascherina Pediatrica a Grandezza Variabile e Snodo per Somministrare i Farmaci in Posizione Sdraiata, Completo di Accessori, Dispositivo Medico CE0434","0",NA,"0","0","1665658546.32316",NA
"346","B00KIDANX8","Imetec BS5 500 Bilancia Pesapersone Elettronica, azzuro, lcd","0","26.99","0","0","1665658568.02671",NA
"347","B00KMU8XFC","Imetec BF4 500 Pesapersone Elettronica","0","22.99","0","0","1665658589.89682",NA
"348","B00KIRP6LS","Imetec BS4 500 Pesapersone Elettronica, Display LCD, Indicatore Batteria, Verde","0","22.9","0","0","1665658611.85182",NA
"349","B00KMU8XCU","Imetec BM3 300 Bilancia Pesapersone Elettronica, Calcola l'indice di massa corporea, beige, lcd","0","27.9","0","0","1665658633.86881",NA
"350","B0050IIHAM","Imetec Medical Pro, Pesapersone Meccanica, Ampio Quadrante ad Alta Visibilità, Pedana Antiscivolo, Portata Max 180 Kg, Divisione 1 kg, Scocca Metallo Cromato","0","56.2","0","0","1665658657.44103",NA
"351","B0050IIE5A",NA,"0",NA,"0","0","1665658677.44166",NA
"352","B0052WYN1S","Imetec BS3 300 Pesapersone Elettronica","0","31","0","0","1665658699.71244",NA
"353","B0052WYO08","Imetec BF2 200 Pesapersone Elettronica","0","16.9","0","0","1665658721.28163",NA
"354","B0063RMI6S","Imetec BF4 400 Pesapersone Elettronica","0",NA,"0","0","1665658742.47874",NA
"355","B07VGH4Z81","Imetec Body Analizer ES7 400 Bilancia Pesapersone Diagnostica, Misura Acqua Corporea, Massa Muscolare e Grassa","0","26.99","0","0","1665658764.74413",NA
"356","B07VC16GW8","Imetec Compact ES1 100 Bilancia pesapersone elettronica compatta, Design ultrasottile, Ampio LCD display, Portata Max 150 kg","0","16.9","0","0","1665658786.51484",NA
"357","B07W4JVN8S",NA,"0",NA,"0","0","1665658806.83665",NA
"358","B07WBZC85N",NA,"0",NA,"0","0","1665658827.13156",NA
"359","B00LJF1UZY","Imetec Piuma Force Scopa Elettrica, Senza Sacco, Classe A","0",NA,"0","0","1665658849.57861",NA
"360","B00LJF1U22","Imetec Piuma Scopa Elettrica, Senza Sacco, Classe A","0","74","0","0","1665658871.74564",NA
"361","B00NAVVX6Q","Imetec Start&Stop Scopa Elettrica, senza Sacco, Tecnologia Ciclonica, Accensione e Spegnimento Automatici, Tecnologia a Rismarmio Energetico, Regolazione Elettronica della Potenza","0",NA,"0","0","1665658894.03176",NA
"362","B015WNP748","Imetec Piuma Scopa Elettrica, Tecnologia con Sacco, Classe A","0",NA,"0","0","1665658915.25286",NA
"363","B00NAVVZ3M","Imetec SuperPlate Compact Lucidatrice Compatta, 4 Set di Spazzole, Calotta Bassa, Manico Telescopico Allungabile, Lucida il Parquet","0","209","0","0","1665658937.44244",NA
"364","B00NAQ0VSM","Imetec Eco Extreme Silence Aspirapolvere","0",NA,"0","0","1665658959.41699",NA
"365","B00MW2WKDE","Imetec Max Power Scopa Elettrica, senza Sacco, Tecnologia Ciclonica, Avvolgifilo Automatico, Tecnologia a Rismarmio Energetico, Regolazione Elettronica della Potenza","0","47.87","0","0","1665658981.6226",NA
"366","B01BGRZXKM",NA,"0",NA,"0","0","1665659001.62947",NA
"367","B012DHYAOO","Imetec Extreme Silence Pro Aspirapolvere","0","11.99","0","0","1665659024.05161",NA
"368","B015OEJTYY","Imetec Max Power Animal Care Scopa Elettrica, senza Sacco, Avvolgifilo Automatico, Turbospazzola Animal Care, Regolazione Elettronica della Potenza","0",NA,"0","0","1665659045.85531",NA
"369","B00OQ38BNU","Imetec Duetta Cordless 2 in 1 Scopa Elettrica, Ricaricabile, 18 V, senza Fili, Leggera, Tecnologia Ciclonica, Miniaspirapolvere Incorporato, Autonomia 30'","0","79.99","0","0","1665659067.80881",NA
"370","B015WNP752","Imetec Piuma Force Cordless Scopa Elettrica Senza Fili, 32 V, Leggera e Maneggevole, Tecnologia Ciclonica, Spazzola Multisuperficie","0","225.33","0","0","1665659089.57343",NA
"371","B015WNP79I",NA,"0",NA,"0","0","1665659109.63288",NA
"372","B00NAVW2DE","Imetec Eco Extreme Silence Aspirapolvere","0",NA,"0","0","1665659131.7341",NA
"373","B00J8LWXH0",NA,"0",NA,"0","0","1665659152.24623",NA
"374","B00J9A8RNE","Imetec 8137 Master Vapor SM01 Pulitore a Vapore + 3 panni in microfibra di ricambio","0","85.99","0","0","1665659174.49522",NA
"375","B01BGRZXIY",NA,"0",NA,"0","0","1665659194.48838",NA
"376","B0158R6S5K","Imetec Master Plus SM02 Scopa Lavapavimenti 120°C, 10 Accessori, Generatore di Portatile, Pronto in Pochi Secondi, 2 Panni in Microfibra","0","96.29","0","0","1665659216.49269",NA
"377","B00NQ4LDY4",NA,"0",NA,"0","0","1665659236.52902",NA
"378","B01LY2TWKN",NA,"0",NA,"0","0","1665659256.78107",NA
"379","B01M19HDRM",NA,"0",NA,"0","0","1665659277.04062",NA
"380","B01LZLVGIB","Imetec Piuma Cordless Scopa Elettrica, Ricaricabile, 18.5 V, senza Fili, Leggera, Tecnologia Ciclonica, Autonomia 35', Spazzola Multisuperficie","0","74","0","0","1665659299.44967",NA
"381","B00J911OZQ",NA,"0",NA,"0","0","1665659319.79741",NA
"382","B015WNPB08","Imetec Piuma Force Cordless Scopa Elettrica Senza Fili, 25 V, Leggera e Maneggevole, Tecnologia Ciclonica, Spazzola Multisuperficie","0","152.59","0","0","1665659342.6388",NA
"383","B074TNT7Y7","Imetec Piuma Force++ S2-100 Scopa elettrica con Sacco, Leggera, Tecnologia a Risparmio energetico, Spazzola multisuperficie","0","129.98","0","0","1665659364.68059",NA
"384","B074TMX9J3","Imetec 8634 Piuma+ C2-100 Scopa Elettrica Senza Sacco, Classe A+, Leggera, Riduzione del Consumo Energetico, 76 Decibel, Plastica, Bianco/Verde","0",NA,"0","0","1665659386.46168",NA
"385","B074TNW3L4","Imetec Piuma+ C2-200 Scopa Elettrica, Aspirapolvere con Tecnologia Ciclonica Senza Sacco, Regolazione Elettronica della Potenza, Leggera 3 kg, Filtro Hepa Ipoallergenico, Bianco/Viola","0","19.9","0","0","1665659408.90767",NA
"386","B074TNT7YD",NA,"0",NA,"0","0","1665659429.02188",NA
"387","B074TMNTQK","Imetec 8632 Ecoextreme PRO++ C2-100 Aspirapolvere Senza Sacco, Classe Energetica A++ con Spazzola Parquet","0","178.99","0","0","1665659451.46276",NA
"388","B074TMJN25","Imetec 8078 Duetta++ C5-300 Scopa Elettrica 2 in 1 con Miniaspirapolvere Integrato e Tecnologia Ciclonica","0","102.63","0","0","1665659473.51814",NA
"389","B076G1RLQX",NA,"0",NA,"0","0","1665659493.60277",NA
"390","B075ZRP3CS","Imetec Piuma Force++ C2-400 Scopa Elettrica Senza Sacco, Leggera, Tecnologia Ciclonica, Filtro Hepa, Spazzola Parquet, Regolazione Elettronica della Potenza","0","74","0","0","1665659515.69197",NA
"391","B075ZPXS6V","TP-Link 8180 Imetec Piuma Force++ C2-300 Scopa Elettrica Senza Sacco, Leggera, Classe A++, Tecnologia Ciclonica, Filtro Hepa Ipoallergenico, Bianco/Arancione","0","74","0","0","1665659537.76827",NA
"392","B077GZ81KQ",NA,"0",NA,"0","0","1665659558.17225",NA
"393","B07J3SF9X8","Imetec Extreme Filtration + 8175, Aspirapolvere Senza Sacco, Compatto, Doppio Filtro Hepa Ipoallergenico, Spazzola per Parquet, Tecnologia Ciclonica, Potenza Regolabile","0","72.19","0","0","1665659580.78689",NA
"394","B07W5FS4ZL",NA,"0",NA,"0","0","1665659600.87267",NA
"395","B07W49FGYS","Imetec Piuma Extreme++ SC3-600 Aspirapolvere con Tecnologia Ciclonica Senza Sacco, Regolazione Elettronica della Potenza, Leggera 4 kg, Spazzola multisuperficie e Parquet, Multiaccessoriata","0","170.09","0","0","1665659623.16338",NA
"396","B0059GLZUY",NA,"0",NA,"0","0","1665659643.26599",NA
"397","B0059GM0GW","Imetec Iron Max Eco Professional 2500 Ferro da Stiro con Caldaia in Pressione, Piastra in Acciaio Inossiadabile, Generatore di Vapore","0","109.99","0","0","1665659665.7743",NA
"398","B00ABL17A0","Imetec Levapelucchi Elettrico, Testina in Acciaio Inossidabile, Funzionamento a Batterie","0","12.99","0","0","1665659687.71973",NA
"399","B00FGRYBT8","Imetec Intellivapor Eco Ferro da Stiro con Caldaia, Tecnologia Intellivapor, Pressione Vapore 5 BAR, Piastra Acciaio Inox, Tecnologia a Risparmio Energetico","0","99.9","0","0","1665659709.90345",NA
"400","B009E3VNAK",NA,"0",NA,"0","0","1665659730.20098",NA
"401","B00FGRYW7O",NA,"0",NA,"0","0","1665659750.47798",NA
"402","B00GLSDCS2","Imetec Nuvola Ferro da Stiro da Viaggio a Vapore, Piastra in Acciaio Inossidabile da 1000 W, Custodia da Viaggio, Doppio Voltaggio","0","22.99","0","0","1665659772.52384",NA
"403","B005U1WNWC",NA,"0",NA,"0","0","1665659792.54709",NA
"404","B00O3X8VZG",NA,"0",NA,"0","0","1665659813.09912",NA
"405","B00TDNGVX0","Imetec Titanox Eco K114 Ferro da Stiro a Vapore, Piastra in Acciaio Inox","0","21.99","0","0","1665659834.88336",NA
"406","B015WNPAYK","Imetec Intellivapor Prestige Ferro da Stiro Generatore di Vapore, Tecnologia Intellivapor, 4.5 BAR Pump, Colpo Vapore 200 G, Tecnologia a Risparmio Energetico, Tecnologia NoStop","0","128.85","0","0","1665659856.88219",NA
"407","B01BGRZY10","Imetec Intellivapor Professional Ferro da Stiro, Generatore di Vapore, Tecnologia Intellivapor, 4.8 bar Pressione alla Pompa, Colpo Vapore 230 g, Tecnologia a Risparmio Energetico, Tecnologia NoStop","0","85.98","0","0","1665659879.01119",NA
"408","B011DHJIRE","Imetec Zerocalc Eco K4 2400 Ferro da Stiro, Bianco","0",NA,"0","0","1665659900.61161",NA
"409","B0050IJ3V4",NA,"0",NA,"0","0","1665659920.95548",NA
"410","B0050IJ8J6","Imetec Eco Compact Sistema Stirante","0","109.99","0","0","1665659943.16971",NA
"411","B01EYQUL2M",NA,"0",NA,"0","0","1665659963.17041",NA
"412","B01EO697BI","Imetec Titanox K109 Ferro Da Stiro A Vapore, Piastra In Acciaio Inossidabile Multiforo Da 2000 W, Bianco Blu","0","16.99","0","0","1665659985.31049",NA
"413","B01LZXN3WK","Imetec Intellivapor Expert IM2500 Ferro con Caldaia ad Alta pressione, Tecnologia Intellivapor, Tecnologia a Risparmio Energetico, Piastra e Caldaia in Acciaio Inossidabile","0","109.99","0","0","1665660007.08944",NA
"414","B01LX03UPH","Imetec Intellivapor Expert IM2500 Ferro con Caldaia ad Alta pressione, Tecnologia Intellivapor, Tecnologia a Risparmio Energetico, Piastra e Caldaia in Acciaio Inossidabile","0","109.99","0","0","1665660029.35974",NA
"415","B01LYMRVA3","Imetec Zerocalc Pro 2300 Ferro da Stiro a Vapore ad Alte Prestazioni, Piastra in Acciaio Inossidabile da 2300 W, Tecnologia Anticalcare, Tecnologia a Risparmio Energetico","0","55","0","0","1665660051.04994",NA
"416","B01LZA1IHE","Imetec Intellivapor K1 Ferro da Stiro a Vapore, Tecnologia Intellivapor, Piastra in Acciaio Inossidabile da 2300 W, Tecnologia a Risparmio Energetico","0","35.19","0","0","1665660073.31187",NA
"417","B01M09BNCN",NA,"0",NA,"0","0","1665660093.35987",NA
"418","B01LY802Z9","Imetec Intellivapor K5 Ferro da Stiro a Vapore, Tecnologia Intellivapor, Piastra in Acciaio Inossidabile da 2400 W, Tecnologia a Risparmio Energetico","0","35.19","0","0","1665660115.66196",NA
"419","B01M0KZ2PI",NA,"0",NA,"0","0","1665660135.71247",NA
"420","B00FGRZ3PY",NA,"0",NA,"0","0","1665660155.98735",NA
"421","B00NU25TGA","Imetec No-Stop Eco Prestige Sistema Stirante, Ferro da Stiro con Piastra in Acciaio Inox e Generatore di Vapore","0","109.99","0","0","1665660178.76606",NA
"422","B07CKY9SNZ",NA,"0",NA,"0","0","1665660199.12826",NA
"423","B07CKRCMB7","Imetec Zerocalc Z3 3500 Ferro Da Stiro, Tecnologia Anticalcare, Piastra Inox 2400 W, Colpo Vapore 150 G, Bianco Blu","0","28.99","0","0","1665660221.69332",NA
"424","B01D401T6Q",NA,"0",NA,"0","0","1665660241.68604",NA
"425","B07MZGRDJ4",NA,"0",NA,"0","0","1665660262.07287",NA
"426","B07P35DTPJ",NA,"0",NA,"0","0","1665660282.35308",NA
"427","B07NYRRF1Y","Imetec ZeroCalc Z3 3900 Ferro da Stiro a Vapore, Tecnologia Anticalcare, Tecnologia Intellivapor (temperatura unica ideale per tutti i tessuti), Piastra Ceramica, 2400 W, Colpo Vapore 170 g","0","42.99","0","0","1665660304.81266",NA
"428","B07PPC54RD",NA,"0",NA,"0","0","1665660324.90165",NA
"429","B07QZFLKRS","Imetec ZeroCalc PRO PS2 2200 Ferro da Stiro Generatore di Vapore, Tecnologia Anticalcare, fino a 5.6 BAR pump, Colpo Vapore 240 g, Piastra in Acciaio Inox, 3 filtri con Ioni d’Argento","0","124.9","0","0","1665660347.95745",NA
"430","B07S61V42S","Imetec ZeroCalc KF1 100 Kit 3 filtri anticalcare per Ferri da Stiro Imetec ZeroCalc Pro Ceramic PS2 2400, PS2 2000, PS2 2200, Intellivapor PS3 3000, Imetec Onda, Ricambi Originali","0","22.99","0","0","1665660370.50069",NA
"431","B00MHFT4DK","Imetec Titanox Eco K107 Ferro da stiro a vapore, Tecnologia a risparmio energetico, 2000 Watt, Piastra in acciaio inox autopulente, Vapore Regolabile, Getto di vapore 40 g, lunghezza cavo 2 mt","0","28.99","0","0","1665660392.78949",NA
"432","B09SDHHKJZ","Imetec Intellifast, ferro da stiro a vapore, Tecnologia Intelli System, Impostazione automatica della temperatura, Piastra Ceramic Diamond, Protezione anticalcare, 2400 W, Colpo Vapore 200 g","0","55","0","0","1665660415.46979",NA
"433","B004ASNGM2",NA,"0",NA,"0","0","1665660435.5621",NA
"434","B0050IGWXG","Imetec Living Air HU-100 Umidificatore Compatto, Autonomia Fino a 9 Ore, Emissione Vapore Regolabile, Dispositivo Antiapertura di Sicurezza","0","49.99","0","0","1665660457.94418",NA
"435","B008HR0UG2","Imetec 8428 ricambi Piuma Excellent, Carta","0","13.4","0","0","1665660479.8556",NA
"436","B008HR7LB4","Imetec 8004 Kit Ricambi, 10 Sacchetti, 2 Filtri Aria, 1 Filtro Motore per Scopa Elettrica Imetec Piuma","0","13.4","0","0","1665660501.94765",NA
"437","B009E7AKTQ","Imetec 8505 Kit Ricambi, 10 Sacchetti e 1 Filtro Motore per Scopa Elettrica Imetec ECO E6","0","13.9","0","0","1665660524.11563",NA
"438","B009K23650","Imetec 8506 Kit Sacchetti e Filtro, per Aspirapolvere Eco Allergy","0","13.99","0","0","1665660545.84426",NA
"439","B01BV0NOOG","Imetec 8064 Kit Ricambi, 2 Panni in Microfibra per Scopa a Vapore Imetec Master Vapor Detergent Plus SM04","0","29.9","0","0","1665660567.99431",NA
"440","B00YAF2X1K","Imetec Winbot W710 Kit Ricambi per Robot Pulisci Vetri e Finestre","0",NA,"0","0","1665660589.11799",NA
"441","B00PLSNWU6","Imetec Winbot W710 Kit Cavo Prolunga per Robot Pulisci Vetri e Finestre","0",NA,"0","0","1665660610.36772",NA
"442","B01BV0NNBK",NA,"0",NA,"0","0","1665660630.4579",NA
"443","B00KMU8US2","Imetec 8140 Kit Ricambi 3 Panni In Microfibra Per Scopa A Vapore Imetec Master Vapor SM01, ‎Bianco","0","16.99","0","0","1665660652.90385",NA
"444","B00KMU8XAC","Imetec Winbot W710 Kit Panni di Ricambio per Robot Pulisci Vetri e Finestre","0",NA,"0","0","1665660674.08368",NA
"445","B01BV0NOQ4","Imetec 8166 Kit Ricambi, 4 Panni in Microfibra Scopa a Vapore Imetec Master Vapor Detergent SM03","0","21.99","0","0","1665660696.50383",NA
"446","B0158R6RLK","Imetec 8066 Sacchetti e Filtri per Aspirapolvere Silence Eco Extreme","0","13.99","0","0","1665660718.5572",NA
"447","B00YAF31EI","Imetec 8392 Kit Ricambi, 5 Sacchetti, 1 Filtro Hepa, 1 Filtro Motore per Aspirapolvere Imetec Eco E3","0","19.9","0","0","1665660740.76261",NA
"448","B00UX6KK0G",NA,"0",NA,"0","0","1665660760.80663",NA
"449","B08J8XH5BH","Bellissima Imetec Twist & Style GT22 100, Manico per Styler Arricciacapelli per Onde e Ricci, Temperatura Automatica, Riscaldamento Rapido, Orientabile a 90°, Accessori non Inclusi","0","34.99","0","0","1665660783.05299",NA
"450","B08J8XNFNC",NA,"0",NA,"0","0","1665660803.19013",NA
"451","B08J8XCSH4",NA,"0",NA,"0","0","1665660823.45357",NA
"452","B08J8XCSHB","Bellissima Imetec GT22 130, Accessorio Loose Waves per Styler Arricciacapelli Twist&Style, Ferro Riscaldato ad Ellisse, Diametro da 26 a 38 mm, Rivestimento Ceramica, Temperatura 190°C","0","28.66","0","0","1665660846.50611",NA
"453","B08J8XN21F",NA,"0",NA,"0","0","1665660866.56409",NA
"454","B08J8XPY5X",NA,"0",NA,"0","0","1665660886.85435",NA
"455","B08HS77R9B",NA,"0",NA,"0","0","1665660907.18441",NA
"456","B08HR1VGSR","Imetec Scaldasonno Adapto Maxi Coprimaterasso Singolo 195x90 cm, Riscaldamento Rapido, Temperatura Costante e Personalizzata, Tessuto Anallergico Trapuntato, Comando con 6 Temperature","0","74.99","0","0","1665660929.70255",NA
"457","B08HR23S41","Imetec Scaldasonno Adapto Maxi Coprimaterasso Matrimoniale 195x165 cm, Riscaldamento Rapido, Temperatura Costante e Personalizzata, Tessuto Anallergico Trapuntato, Doppio Comando, 6 Temperature","0","144.99","0","0","1665660952.23146",NA
"458","B08J8Z15M1","Imetec Adapto Velvet Square plaid riscaldabile, coperta elettrica 150x95 cm tessuto morbido, Tecnologia Adapto, Dispositivo di sicurezza, rapido riscaldamento, 6 temperature, lavabile in lavatrice","0","49.99","0","0","1665660975.01295",NA
"459","B08J8ZLLDT",NA,"0",NA,"0","0","1665660995.10075",NA
"460","B08J8ZH957",NA,"0",NA,"0","0","1665661015.32804",NA
"461","B08J8XMFQN",NA,"0",NA,"0","0","1665661035.82554",NA
"462","B08J8XJHNM","Imetec Adapto Velvet Tartan plaid riscaldabile, coperta elettrica 160x120 cm tessuto morbido, Tecnologia Adapto, Dispositivo di sicurezza, rapido riscaldamento, 6 temperature, lavabile in lavatrice","0","66.99","0","0","1665661058.08817",NA
"463","B08JVC7VB4","Imetec Crea&Crema Sbattitore Elettrico, Fruste Extralunghe per Impasti Dolci e Panna Montata, Ganci Acciaio Inox per Impastare, 5 Velocità, Funzione Turbo, Design Ergonomico, 500 W","0","26.99","0","0","1665661080.03005",NA
"464","B08JV8L49M",NA,"0",NA,"0","0","1665661100.12945",NA
"465","B08JV9LX42","Imetec La TostaGriglia, tostiera, Piastre XL Rigate e Antiaderenti, Interruttore ON/OFF, Spia Riscaldamento Piastre, Gancio Chiusura, Avvolgicavo, Tostapane Compatto, 900 W","0","45.99","0","0","1665661123.42219",NA
"466","B08JV8FFYH",NA,"0",NA,"0","0","1665661143.44743",NA
"467","B08JVCHZF3",NA,"0",NA,"0","0","1665661163.74665",NA
"468","B08JV9VVQT","Imetec La Grattugia, grattugia elettrica, Rullo in Acciaio Inox, Tramoggia in Alluminio, Contenitore Estraibile con Coperchio Salvafreschezza, Sistema di Sicurezza, 150 W","0","109","0","0","1665661186.5837",NA
"469","B08JV7QK54","Imetec La Panetteria +Zeroglu, Macchina per Pane, Ciabatte, Panini, Dolci con Farine Naturali e Senza Glutine, 20 Programmi, 2 Pale Impastatrici, Temperatura di Lievitazione Controllata, Marrone","0","199.27","0","0","1665661208.9031",NA
"470","B08JV87TZW",NA,"0",NA,"0","0","1665661228.98525",NA
"471","B08NKXBJX1",NA,"0",NA,"0","0","1665661249.54326",NA
"472","B08NK1L69Z",NA,"0",NA,"0","0","1665661269.91903",NA
"473","B08NK25BLP","Imetec Frulla&Crea Frullatore a Immersione, 3 Accessori, Tritatutto, Frusta e Bicchiere BPA free, Piede Large, 2 Velocità, 1000 W, 15000 Giri Minuto","0","39.99","0","0","1665661292.13465",NA
"474","B08NPR8QNN","Imetec TritaCompact Tritatutto, Lame in Acciaio Inox, Capienza Contenitore 400 ml, Funzionamento a Pressione, Compatto, 350 W, Bianco e Salvia","0","30.99","0","0","1665661314.24939",NA
"475","B08NPMMFWQ","Imetec Tritapiù Tritatutto, 4 Lame in Acciaio Inox, Capiente Contenitore 600 ml, 18.000 Giri/min, Funzionamento a Pressione, 1000 W, Materiali BPA Free, Bianco/Verde","0","57.99","0","0","1665661336.9675",NA
"476","B08NPF5HWD","Imetec Frulla&Trita Frullatore a Immersione, Lame in Acciaio Inox, Piede Extra Large, Gambo Estraibile, Bicchiere graduato da 1 Litro, 800 Watt, 15.000 Giri Minuto","0","45.99","0","0","1665661359.12188",NA
"477","B08NP5M6D4","Imetec FrescoAroma Macina Caffè e Spezie, Pepe, Zucchero, Frutta Secca Elettrico con Lame in Acciaio Inox, Contenitore Salva-Freschezza, Funzionamento a Impulsi, 150 W","0","29.99","0","0","1665661381.27295",NA
"478","B08NPR9BYM","Imetec FrullaRapido, Frullatore a Immersione, Gambo XL in Acciaio, Lame in Acciaio Inox, Funzionamento a Impulsi, 450 W","0","24.99","0","0","1665661403.58341",NA
"479","B08NPG5D5Y","Imetec BuonFrullato, Frullatore Compatto, Bicchiere in Plastica BPA Free, Capacità 700 ml, Coperchio Dosa Liquidi, 400 W","0","23.9","0","0","1665661426.25009",NA
"480","B0813TLPGY",NA,"0",NA,"0","0","1665661446.31266",NA
"481","B07YX5QRCL",NA,"0",NA,"0","0","1665661466.65823",NA
"482","B08HS4ZSMH","Imetec Onda F2, Ferro da Stiro a Vapore con Piastra a Onde Scorrevole Brevettata, 2400 W, Colpo di Vapore 200g, Serbatoio 300 ml, Tripla Protezione Anticalcare","0","86.24","0","0","1665661489.10346",NA
"483","B08HS61FJ5","Imetec Onda P2 Ferro da Stiro Generatore di Vapore, Piastra a Onde Scorrevole Brevettata, 2400W, Colpo Vapore 300 g, Serbatoio 2,5L, 3 Filtri con Ioni di Argento, Tecnologia No Stop Vapor","0","229.99","0","0","1665661511.40913",NA
"484","B08LVXG2V1","Bellissima Imetec Diffon Ceramic, Diffusore ad Aria Calda per Capelli Ricci, Tecnologia Ceramica, 700 W, 2 Combinazioni Aria/Temperatura, Asciugatura Delicata Senza Effetto Crespo","0","44.99","0","0","1665661533.97257",NA
"485","B08V11MR92","Imetec Eco Perfect Ferro da Stiro a Vapore, Risultati Ottimi con -35% di Consumo di Acqua e -25% di Consumo Energetico, Piastra con Rivestimento Pro Ceramic, Tripla Protezione Anticalcare, 2400 W","0","65.99","0","0","1665661556.10697",NA
"486","B08V1FYMK9","Imetec Intellivapor, Ferro da Stiro Generatore di Vapore, Tecnologia Intelli System, Impostazione Automatica di Vapore e Temperatura, Piastra Ceramica, 2300W, Colpo Vapore 260 g, Filtri Ioni Argento","0","128.85","0","0","1665661578.33747",NA
"487","B08X7BYVZQ","Bellissima Imetec My Pro Revolution BHS4 1100, Spazzola ad Aria Calda, Asciuga e Modella, Rotazione Automatica a Doppio Verso, 2 Spazzole da 40 e 50 mm, Ionizzatore, 1000 W, Rivestimento in Ceramica","0","45.2","0","0","1665661600.84122",NA
"488","B093C19CSD","Imetec Salon Expert P3 3600 Asciugacapelli, Motore Professionale, 2200 W, Ionizzatore, Griglia Ceramica e tormalina, 8 combinazioni aria temperatura, Concentratore e Diffusore Professionali, Nero","0","32.2","0","0","1665661622.78158",NA
"489","B093BYJXZW","Imetec Salon Expert P11 2300 Asciugacapelli, Motore Professionale, 2100 W, Griglia in Ceramica e Tormalina, 8 Combinazioni Aria Temperatura, Colpo Aria Fredda, Nero","0","27.99","0","0","1665661644.823",NA
"490","B08R7NM2SF",NA,"0",NA,"0","0","1665661664.82452",NA
"491","B08X1WLF5W","Imetec SuccoVita, estrattore di succo a freddo facile da usare, estratti di frutta e verdura, sorbetti e latte vegetale, 50 giri/min, imbocco ampio, funzione reverse","0","109.99","0","0","1665661687.46076",NA
"492","B08XBZV29G",NA,"0",NA,"0","0","1665661707.54608",NA
"493","B08R7NSVL5","Imetec GranToast, tostapane per toast extra farciti, fessure XL, pinze a fondo chiuso apribili a 360° e regolabili in larghezza, 600 W, 10 livelli doratura, Timer","0","48.98","0","0","1665661730.59828",NA
"494","B08RYGFL21","Imetec Frulla&Gusta, Frullatore con 4 lame in acciaio inox, bicchiare in vetro, 2 velocità e funzionamento impulsi, 500 W, capienza 800 ml, lavabile lavastoviglie, piedini antiscivolo","0","34.99","0","0","1665661752.29123",NA
"495","B08RZ288L3","Imetec La Forneria +Zeroglu 7488, Macchina per Pane, Ciabatte, Panini, Pizza e Dolci anche con Farine Naturali, 20 Programmi, 2 Pale Impastatrici, Temperatura di Lievitazione Controllata, Bianca","0","239.99","0","0","1665661774.57507",NA
"496","B09CTZ6WKM",NA,"0",NA,"0","0","1665661794.67554",NA
"497","B09CTZZGFY","Bellissima Imetec GT22 160, Accessorio Hollywood Waves per Styler Arricciacapelli Twist&Style, Rivestimento in ceramica, Temperatura 190°C, Ovale, Nero, Diametro 38 x 25 mm","0","29.99","0","0","1665661818.11418",NA
"498","B09BJ7LNR6","Bellissima Imetec Steam Elixir, Piastra a Vapore, Capelli lisci in Una Sola Passata Senza Danni, Rivestimento in Ceramica e Olio Argan, Rapido Riscaldamento, 4 Temperature, Tappetino Termoresistente","0","112.87","0","0","1665661841.25248",NA
"499","B09BHV4DWG","Bellissima Imetec Air Wonder, Spazzola ad Aria Calda, Tecnologia a ioni, Spazzole Rivestite in Ceramica e Cheratina, Asciuga, Dona Volume, 8 Accessori, 1000 W","0","81.9","0","0","1665661864.02286",NA
"500","B09CTY5P2L","Bellissima Imetec Creativity 4 You, Asciugacapelli Professionale, 4 Accessori, Diffusore, Controllo Intelligente della temperatura, Ion Technology, Beauty Bag, 2 velocità, 3 temperature, 1800 W","0","146.32","0","0","1665661886.77294",NA
"501","B0987B62CP",NA,"0",NA,"0","0","1665661906.90911",NA
"502","B0987BTDT2","Imetec Silent Power Eco, Termoventilatore Silenzioso, Stufetta Elettrica, Tecnologia ECO -35% Consumo Energetico, 2100 W, Funzione Antigelo, Temperatura Regolabile, 4 Funzioni, Termostato Ambiente","0","36.99","0","0","1665661929.06834",NA
"503","B0987C6H2S",NA,"0",NA,"0","0","1665661949.21261",NA
"504","B0987D9K2X",NA,"0",NA,"0","0","1665661969.4008",NA
"505","B0987D6J4J",NA,"0",NA,"0","0","1665661989.63858",NA
"506","B09CYM6KR3",NA,"0",NA,"0","0","1665662009.82953",NA
"507","B09CYDKRZ6","Imetec FrullaFacile, Frullatore a Immersione, Gambo XL, Lame in Acciaio Inox, Funzionamento a Impulsi, Bicchiere Graduato da 700 ml BPA Free, 800 W, Impugnatura Ergonomica","0","15.29","0","0","1665662031.63796",NA
"508","B09CTZF711",NA,"0",NA,"0","0","1665662051.76779",NA
"509","B09CTZM9LJ",NA,"0",NA,"0","0","1665662071.96733",NA
"510","B09CTZV4TM","Imetec Intellisense Cervical, Termoforo per Cervicale e Spalle, Cuscino Termico, 47x52 cm, Tessuto Anallergico, 5 Temperature, Electro Block di Sicurezza, Riscaldamento Rapido, Lavabile in Lavatrice","0","47.99","0","0","1665662094.84189",NA
"511","B08X6QMR36","Imetec Onda F1, Ferro da Stiro a Vapore con Piastra a Onde Scorrevole Brevettata, 2400 W, Colpo di Vapore 200g, Serbatoio 300 ml, Tripla Protezione Anticalcare","0","77.94","0","0","1665662117.1972",NA
"512","B08X6ZDL24","Imetec Onda P1 Ferro da Stiro Generatore di Vapore, Piastra a Onde Scorrevole Brevettata, 2400W, Colpo Vapore 300g, Serbatoio 2.5L, 3 Filtri con Ioni di Argento, Tecnologia No Stop Vapor","0","104.74","0","0","1665662140.11297",NA
"513","B08JZ99BSG","Imetec Piuma Extreme++ SC3-500, Aspirapolvere con Tecnologia Ciclonica Senza Sacco, Regolazione Elettronica della Potenza, Leggera 4 kg, Doppio Filtro Hepa Ipoallergenico, Nero","0","74","0","0","1665662162.77117",NA
"514","B0987C1JFD",NA,"0",NA,"0","0","1665662182.91556",NA
"515","B0987BBB14",NA,"0",NA,"0","0","1665662203.15316",NA
"516","B09KH2654V",NA,"0",NA,"0","0","1665662390.2657",NA
"517","B09KV6G5KT","Imetec Intellisense Comfort, Termoforo Multiuso, Cuscino Termico, Tessuto Anallergico, 5 temperature, Electro Block di sicurezza, Lavabile, grigio, 40x35 cm","0","44.99","0","0","1665662412.90243",NA
"518","B09N2JV9X3","Imetec Pro, Bilancia Pesapersone Meccanica, Rileva il Peso in Modo Chiaro e Affidabile, Pedana Antiscivolo, Portata max 150 kg, Divisione 1 kg","0","55.76","0","0","1665662435.0679",NA
"519","B09K7ZS81N","Imetec FriggiLeggero - Friggitrice ad aria multifunzione, 12 programmi, Riscaldamento rapido, 18 L, 1550 W, Comandi digitali, Cestello, Griglia, Leccarda, Ricettario, 40x36x34,5 cm","0","249.99","0","0","1665662457.46961",NA
"520","B09GTTY863",NA,"0",NA,"0","0","1665662477.57603",NA
"521","B08TZZ3PR8","imetec Relaxy Intellisense Termoforo Multifunzione, Beige","0","29.99","0","0","1665662499.94481",NA
"522","B08V14MDK1","Imetec Relaxy Intellisense HP-01 Termoforo Multifunzione, Beige/Bordeaux","0","36.99","0","0","1665662522.36468",NA
